Replicate,Plate,Group,Sample,Count,median,peak,sd,cv,rCV
Rep3-0Pi-Ctrl,d011322-0min-0Pi-gtr1-R3,0min,A1,16251,7998,10017,5084.12,55.84,50.18
Rep3-0Pi-Ctrl,d011322-0min-0Pi-gtr1-R3,0min,A2,18319,8028,7847,5161.48,56.08,49.7
Rep3-0Pi-Ctrl,d011322-0min-0Pi-gtr1-R3,0min,A3,16369,8465,10008,5121.82,53.29,47.81
Rep3-0Pi-Ctrl,d011322-0min-0Pi-gtr1-R3,0min,B1,18098,8447,10007,4577.43,49.19,43.41
Rep3-0Pi-Ctrl,d011322-0min-0Pi-gtr1-R3,0min,B2,16738,7307,7477,5800.97,66,56.18
Rep3-0Pi-Ctrl,d011322-0min-0Pi-gtr1-R3,0min,B3,17199,8875,8986,4538.42,46.81,41.36
Rep3-0Pi-Ctrl,d011322-0min-0Pi-gtr1-R3,0min,C1,9806,3150,4966,2625.56,70.6,61.42
Rep3-0Pi-Ctrl,d011322-0min-0Pi-gtr1-R3,0min,C3,10303,2991,4275,2248.58,65.76,57.35
Rep3-0Pi-Ctrl,d011322-0min-0Pi-gtr1-R3,0min,D1,10255,2690,3426,2104.15,67.41,58.48
Rep3-0Pi-Ctrl,d011322-0min-0Pi-gtr1-R3,0min,D3,10046,2772,3252,2065.08,64.73,56.84
Rep3-0Pi-Ctrl,d011322-0min-0Pi-gtr1-R3,0min,E1,5614,1190,642,1126.51,76.38,63.66
Rep3-0Pi-Ctrl,d011322-0min-0Pi-gtr1-R3,0min,E3,4807,1253,1210,1201.48,77.65,61.53
Rep3-0Pi-Ctrl,d011322-0min-0Pi-gtr1-R3,0min,F1,18645,8697,7130,5373.1,53.7,48.6
Rep3-0Pi-Ctrl,d011322-0min-0Pi-gtr1-R3,0min,F3,16711,9873,10770,5380.49,48.65,44.36
Rep3-0Pi-Ctrl,d011322-0min-0Pi-gtr1-R3,0min,G1,18386,8553,8256,5489.23,55.17,50.19
Rep3-0Pi-Ctrl,d011322-0min-0Pi-gtr1-R3,0min,H1,19227,8335,10012,5399.07,55.54,50.55
Rep3-0Pi-Ctrl,d011322-0min-0Pi-gtr1-R3,0min,C2,17845,8307,10188,5484.14,57.42,50.4
Rep3-0Pi-Ctrl,d011322-0min-0Pi-gtr1-R3,0min,D2,16898,8244,8246,5137.89,54.68,48.52
Rep3-0Pi-Ctrl,d011322-0min-0Pi-gtr1-R3,0min,A4,15740,8647,10385,5055.47,52.48,46.48
Rep3-0Pi-Ctrl,d011322-0min-0Pi-gtr1-R3,0min,B4,16095,7974,7977,5777.83,61.46,52.26
Rep3-0Pi-Ctrl,d011322-0min-0Pi-gtr1-R3,0min,C4,16157,8880,10568,5295.07,53.25,46.41
Rep3-0Pi-Ctrl,d011322-0min-0Pi-gtr1-R3,0min,D4,16911,8880,8545,4998.56,50.84,43.68
Rep3-0Pi-Ctrl,d011322-0min-0Pi-gtr1-R3,0min,G3,19237,9786,9659,5578.85,50.41,45.69
Rep3-0Pi-Ctrl,d011322-0min-0Pi-gtr1-R3,0min,H3,19084,9413,8386,5413.82,50.53,45.54
Rep3-0Pi-Ctrl,d011322-0min-0Pi-gtr1-R3,0min,E2,18288,5842,5971,3246.57,50.06,44.83
Rep3-0Pi-Ctrl,d011322-0min-0Pi-gtr1-R3,0min,F2,19379,6254,6418,3312.12,48.33,43.62
Rep3-0Pi-Ctrl,d011322-0min-0Pi-gtr1-R3,0min,G2,19459,6282,6910,3342.23,48.58,43.54
Rep3-0Pi-Ctrl,d011322-0min-0Pi-gtr1-R3,0min,E4,16989,6586,7242,3257.58,45.57,41.6
Rep3-0Pi-Ctrl,d011322-0min-0Pi-gtr1-R3,0min,F4,17343,6685,7241,3374.92,46.22,40.94
Rep3-0Pi-Ctrl,d011322-0min-0Pi-gtr1-R3,0min,G4,17424,6694,6807,3248.14,44.82,40.99
Rep1-0Pi-Ctrl,d121521-0min-0Pi-gtr1-R1,0min,A1,16723,8521,9660,4946.04,51.94,46.49
Rep1-0Pi-Ctrl,d121521-0min-0Pi-gtr1-R1,0min,A2,16028,8309,10017,4561.71,49.49,44.38
Rep1-0Pi-Ctrl,d121521-0min-0Pi-gtr1-R1,0min,A3,15690,8817,10194,4647.23,48.08,44.26
Rep1-0Pi-Ctrl,d121521-0min-0Pi-gtr1-R1,0min,B1,17994,8421,9827,4237,46.08,40.93
Rep1-0Pi-Ctrl,d121521-0min-0Pi-gtr1-R1,0min,B2,16386,8133,8540,5220.48,56.79,47.71
Rep1-0Pi-Ctrl,d121521-0min-0Pi-gtr1-R1,0min,B3,15404,8928,10189,4293.71,44.13,40.65
Rep1-0Pi-Ctrl,d121521-0min-0Pi-gtr1-R1,0min,C1,8055,2909,3581,4387.73,106.69,68.35
Rep1-0Pi-Ctrl,d121521-0min-0Pi-gtr1-R1,0min,C3,8464,2987,3143,4594.98,105.46,68.06
Rep1-0Pi-Ctrl,d121521-0min-0Pi-gtr1-R1,0min,D1,7556,2859,4330,2693.22,76.89,62.01
Rep1-0Pi-Ctrl,d121521-0min-0Pi-gtr1-R1,0min,D3,7352,2509,2932,1955.02,67.23,58.38
Rep1-0Pi-Ctrl,d121521-0min-0Pi-gtr1-R1,0min,E1,4858,1488,992,1513.16,80.97,71.89
Rep1-0Pi-Ctrl,d121521-0min-0Pi-gtr1-R1,0min,E3,2904,1654,955,1535.29,74.44,66.84
Rep1-0Pi-Ctrl,d121521-0min-0Pi-gtr1-R1,0min,F1,15757,9303,10013,5007.15,48.16,42.66
Rep1-0Pi-Ctrl,d121521-0min-0Pi-gtr1-R1,0min,F3,17143,9498,11200,4820.14,45.77,41.57
Rep1-0Pi-Ctrl,d121521-0min-0Pi-gtr1-R1,0min,G1,15795,9343,9148,5000.07,47.84,42.65
Rep1-0Pi-Ctrl,d121521-0min-0Pi-gtr1-R1,0min,H1,17779,7744,7979,4127.83,47.83,41.72
Rep1-0Pi-Ctrl,d121521-0min-0Pi-gtr1-R1,0min,C2,16464,7585,7597,4676.11,54.85,47.89
Rep1-0Pi-Ctrl,d121521-0min-0Pi-gtr1-R1,0min,D2,16670,8393,9316,4403.54,47.86,43.65
Rep1-0Pi-Ctrl,d121521-0min-0Pi-gtr1-R1,0min,A4,15480,8768,9311,4442.68,46.37,42.03
Rep1-0Pi-Ctrl,d121521-0min-0Pi-gtr1-R1,0min,B4,16073,8613,9817,5281.75,54.51,45.62
Rep1-0Pi-Ctrl,d121521-0min-0Pi-gtr1-R1,0min,C4,15832,8092,8391,4537.99,50.43,44.65
Rep1-0Pi-Ctrl,d121521-0min-0Pi-gtr1-R1,0min,D4,14842,8865,9652,4395.69,45.37,41.76
Rep1-0Pi-Ctrl,d121521-0min-0Pi-gtr1-R1,0min,G3,16853,9298,8989,4689.67,45.22,39.72
Rep1-0Pi-Ctrl,d121521-0min-0Pi-gtr1-R1,0min,H3,16925,8720,8684,4120.93,43.07,38.66
Rep2-0Pi-Ctrl,d121721-0min-0Pi-gtr1-R2,0min,A1,14350,7530,7977,4932.76,59.13,51.46
Rep2-0Pi-Ctrl,d121721-0min-0Pi-gtr1-R2,0min,A2,17171,7866,8998,4294.8,50.02,44.29
Rep2-0Pi-Ctrl,d121721-0min-0Pi-gtr1-R2,0min,A3,14209,7728,8683,4863.19,58.61,52.32
Rep2-0Pi-Ctrl,d121721-0min-0Pi-gtr1-R2,0min,B1,15928,8194,9481,4840.96,53.64,47.65
Rep2-0Pi-Ctrl,d121721-0min-0Pi-gtr1-R2,0min,B2,16756,6880,7724,4651.39,59.36,51.63
Rep2-0Pi-Ctrl,d121721-0min-0Pi-gtr1-R2,0min,B3,15396,8297,9478,4387.95,48.63,43.31
Rep2-0Pi-Ctrl,d121721-0min-0Pi-gtr1-R2,0min,C1,6140,1608,1451,1608.45,80.26,64.26
Rep2-0Pi-Ctrl,d121721-0min-0Pi-gtr1-R2,0min,C3,5630,1569,1344,1775.84,89.61,68.32
Rep2-0Pi-Ctrl,d121721-0min-0Pi-gtr1-R2,0min,D1,6879,1590,1165,1384.28,73.24,60.61
Rep2-0Pi-Ctrl,d121721-0min-0Pi-gtr1-R2,0min,D3,6376,1640,1802,1364.3,70.48,60.89
Rep2-0Pi-Ctrl,d121721-0min-0Pi-gtr1-R2,0min,E1,2250,997,588,948.54,77.13,64.39
Rep2-0Pi-Ctrl,d121721-0min-0Pi-gtr1-R2,0min,E3,3678,1084,828,975.87,75.3,67.56
Rep2-0Pi-Ctrl,d121721-0min-0Pi-gtr1-R2,0min,F1,17009,7659,8115,4564.51,52.63,46.01
Rep2-0Pi-Ctrl,d121721-0min-0Pi-gtr1-R2,0min,F3,15744,9671,9652,4691.02,44.28,38.8
Rep2-0Pi-Ctrl,d121721-0min-0Pi-gtr1-R2,0min,G1,17196,7328,8836,4422.31,53.35,46.01
Rep2-0Pi-Ctrl,d121721-0min-0Pi-gtr1-R2,0min,H1,17326,7053,7716,4197.51,52.46,45.53
Rep2-0Pi-Ctrl,d121721-0min-0Pi-gtr1-R2,0min,C2,16653,7804,9484,4319.82,50.18,45.5
Rep2-0Pi-Ctrl,d121721-0min-0Pi-gtr1-R2,0min,D2,16584,7773,9315,4396.21,50.83,45.2
Rep2-0Pi-Ctrl,d121721-0min-0Pi-gtr1-R2,0min,A4,15805,8351,9306,4580.71,52.6,45.5
Rep2-0Pi-Ctrl,d121721-0min-0Pi-gtr1-R2,0min,B4,14944,7834,7980,4658.78,53.65,45.03
Rep2-0Pi-Ctrl,d121721-0min-0Pi-gtr1-R2,0min,C4,15502,8711,9485,4478.38,48.14,42.75
Rep2-0Pi-Ctrl,d121721-0min-0Pi-gtr1-R2,0min,D4,15804,9051,9148,4444.5,45.51,41.69
Rep2-0Pi-Ctrl,d121721-0min-0Pi-gtr1-R2,0min,G3,16463,9568,10381,4701.14,45.6,39.59
Rep2-0Pi-Ctrl,d121721-0min-0Pi-gtr1-R2,0min,H3,16421,9539,10184,4525.08,43.5,37.92
Rep2-0Pi-Ctrl,d121721-0min-0Pi-gtr1-R2,0min,E2,16856,5966,6709,3113.08,47.77,43.18
Rep2-0Pi-Ctrl,d121721-0min-0Pi-gtr1-R2,0min,F2,16229,5523,6417,3118.39,50.68,45.02
Rep2-0Pi-Ctrl,d121721-0min-0Pi-gtr1-R2,0min,G2,16817,6174,6507,3142.37,46.89,42.77
Rep2-0Pi-Ctrl,d121721-0min-0Pi-gtr1-R2,0min,E4,15639,7380,7475,3419.33,43.2,39.27
Rep2-0Pi-Ctrl,d121721-0min-0Pi-gtr1-R2,0min,F4,17335,6759,8112,3308.13,45.24,42.51
Rep2-0Pi-Ctrl,d121721-0min-0Pi-gtr1-R2,0min,G4,17108,7653,8115,3517.8,43.36,39.75
Rep3-0Pi-Ctrl,d011322-30min-0Pi-gtr1-R3,30min,A5,15026,16080,16090,7982.01,46.57,45.21
Rep3-0Pi-Ctrl,d011322-30min-0Pi-gtr1-R3,30min,A6,15282,17354,18290,8756.45,47.33,46.68
Rep3-0Pi-Ctrl,d011322-30min-0Pi-gtr1-R3,30min,A7,15086,10743,10013,5468.61,46.79,42.07
Rep3-0Pi-Ctrl,d011322-30min-0Pi-gtr1-R3,30min,A8,14774,11329,12327,5556.68,45.44,41.81
Rep3-0Pi-Ctrl,d011322-30min-0Pi-gtr1-R3,30min,B5,15820,14460,16089,6601.87,42.68,39.87
Rep3-0Pi-Ctrl,d011322-30min-0Pi-gtr1-R3,30min,B6,15674,9842,10012,6191.91,55.66,46.41
Rep3-0Pi-Ctrl,d011322-30min-0Pi-gtr1-R3,30min,B7,15815,12177,12576,5446,42.18,37.88
Rep3-0Pi-Ctrl,d011322-30min-0Pi-gtr1-R3,30min,B8,14395,9928,10580,6252.55,55.84,46.82
Rep3-0Pi-Ctrl,d011322-30min-0Pi-gtr1-R3,30min,C5,8616,6511,7724,5044.98,68.91,70.77
Rep3-0Pi-Ctrl,d011322-30min-0Pi-gtr1-R3,30min,C6,15600,14424,13361,8398.74,52.43,51.91
Rep3-0Pi-Ctrl,d011322-30min-0Pi-gtr1-R3,30min,C7,7158,4332,5360,3097.76,64.25,62.05
Rep3-0Pi-Ctrl,d011322-30min-0Pi-gtr1-R3,30min,C8,14678,11177,12576,5908.78,48.47,44.13
Rep3-0Pi-Ctrl,d011322-30min-0Pi-gtr1-R3,30min,D5,8759,6048,10196,4913.55,71.33,75.72
Rep3-0Pi-Ctrl,d011322-30min-0Pi-gtr1-R3,30min,D6,15780,17659,19978,8887.28,47.22,46.74
Rep3-0Pi-Ctrl,d011322-30min-0Pi-gtr1-R3,30min,D7,8236,3610,4732,2658.49,65.15,64.55
Rep3-0Pi-Ctrl,d011322-30min-0Pi-gtr1-R3,30min,D8,17019,11463,12580,5602.49,45.6,41.32
Rep3-0Pi-Ctrl,d011322-30min-0Pi-gtr1-R3,30min,E5,4657,2495,4630,2450.76,78.26,80.34
Rep3-0Pi-Ctrl,d011322-30min-0Pi-gtr1-R3,30min,E7,4303,1710,1934,1734.37,79.37,75
Rep3-0Pi-Ctrl,d011322-30min-0Pi-gtr1-R3,30min,F5,16727,18181,19988,8664.31,44.49,43.94
Rep3-0Pi-Ctrl,d011322-30min-0Pi-gtr1-R3,30min,F7,15820,13858,15418,6376.9,42.53,39.21
Rep3-0Pi-Ctrl,d011322-30min-0Pi-gtr1-R3,30min,G5,16468,19522,21357,8603.75,41.23,39.6
Rep3-0Pi-Ctrl,d011322-30min-0Pi-gtr1-R3,30min,G7,16530,13575,12084,6243.76,42.35,39.15
Rep3-0Pi-Ctrl,d011322-30min-0Pi-gtr1-R3,30min,H5,16697,19678,20898,9008.3,42.81,41.3
Rep3-0Pi-Ctrl,d011322-30min-0Pi-gtr1-R3,30min,H7,16113,13143,15751,6100.77,42.83,39.76
Rep3-0Pi-Ctrl,d011322-30min-0Pi-gtr1-R3,30min,E6,16735,14495,18690,7847.16,50.23,51.43
Rep3-0Pi-Ctrl,d011322-30min-0Pi-gtr1-R3,30min,F6,17219,14238,20439,7799.06,50.36,51.98
Rep3-0Pi-Ctrl,d011322-30min-0Pi-gtr1-R3,30min,G6,17747,16125,17883,8764.19,50.39,51.46
Rep3-0Pi-Ctrl,d011322-30min-0Pi-gtr1-R3,30min,E8,15854,8057,8535,3831.65,44.21,41.16
Rep3-0Pi-Ctrl,d011322-30min-0Pi-gtr1-R3,30min,F8,17007,8343,9151,3975.07,44.49,41.94
Rep3-0Pi-Ctrl,d011322-30min-0Pi-gtr1-R3,30min,G8,16533,8346,9841,4007.66,44.56,41.36
Rep1-0Pi-Ctrl,d121521-30min-0Pi-gtr1-R1,30min,A5,15609,10399,11641,4852.78,43.35,39.96
Rep1-0Pi-Ctrl,d121521-30min-0Pi-gtr1-R1,30min,A6,16122,10585,10583,4788.72,42.07,38.93
Rep1-0Pi-Ctrl,d121521-30min-0Pi-gtr1-R1,30min,A7,14236,11498,11642,5290.23,42.75,39.81
Rep1-0Pi-Ctrl,d121521-30min-0Pi-gtr1-R1,30min,A8,15097,11084,13627,5096.91,42.73,39.65
Rep1-0Pi-Ctrl,d121521-30min-0Pi-gtr1-R1,30min,B5,15275,10705,10785,4533.97,39.81,36.69
Rep1-0Pi-Ctrl,d121521-30min-0Pi-gtr1-R1,30min,B6,15007,9711,10580,5181.09,48.84,41.39
Rep1-0Pi-Ctrl,d121521-30min-0Pi-gtr1-R1,30min,B7,14109,11812,12577,4900.76,38.93,36.58
Rep1-0Pi-Ctrl,d121521-30min-0Pi-gtr1-R1,30min,B8,13824,10257,11415,5533.3,49.33,43.01
Rep1-0Pi-Ctrl,d121521-30min-0Pi-gtr1-R1,30min,C5,5925,4204,7024,4412.77,83.97,66.51
Rep1-0Pi-Ctrl,d121521-30min-0Pi-gtr1-R1,30min,C6,15382,9405,10779,4757.72,46.46,41.3
Rep1-0Pi-Ctrl,d121521-30min-0Pi-gtr1-R1,30min,C7,6089,4732,6514,4556.62,78.33,68.15
Rep1-0Pi-Ctrl,d121521-30min-0Pi-gtr1-R1,30min,C8,14816,9832,10383,4970.31,46.53,41.56
Rep1-0Pi-Ctrl,d121521-30min-0Pi-gtr1-R1,30min,D5,6074,3856,5426,2858.41,65.05,61
Rep1-0Pi-Ctrl,d121521-30min-0Pi-gtr1-R1,30min,D6,16747,10704,10379,4800.44,41.81,38.38
Rep1-0Pi-Ctrl,d121521-30min-0Pi-gtr1-R1,30min,D7,5129,3516,4100,2523.24,63.95,62.74
Rep1-0Pi-Ctrl,d121521-30min-0Pi-gtr1-R1,30min,D8,14469,11222,12577,5117.26,42.45,40.15
Rep1-0Pi-Ctrl,d121521-30min-0Pi-gtr1-R1,30min,E5,4507,1966,2089,1760.05,74.14,71.87
Rep1-0Pi-Ctrl,d121521-30min-0Pi-gtr1-R1,30min,E7,4683,2142,2497,1868.26,71.13,70.18
Rep1-0Pi-Ctrl,d121521-30min-0Pi-gtr1-R1,30min,F5,15465,13138,13364,5587.18,39.33,36.02
Rep1-0Pi-Ctrl,d121521-30min-0Pi-gtr1-R1,30min,F7,14885,13962,15097,5967.47,39.59,37.64
Rep1-0Pi-Ctrl,d121521-30min-0Pi-gtr1-R1,30min,G5,15499,13362,12832,5870.12,40.46,37.36
Rep1-0Pi-Ctrl,d121521-30min-0Pi-gtr1-R1,30min,G7,15618,13860,14198,5976.67,39.86,37.78
Rep1-0Pi-Ctrl,d121521-30min-0Pi-gtr1-R1,30min,H5,16989,12022,13629,5060.87,39.22,37.13
Rep1-0Pi-Ctrl,d121521-30min-0Pi-gtr1-R1,30min,H7,16446,12956,13093,5477.48,39.44,36.9
Rep2-0Pi-Ctrl,d121721-30min-0Pi-gtr1-R2,30min,A5,12873,10299,12100,5209.94,47.77,43.32
Rep2-0Pi-Ctrl,d121721-30min-0Pi-gtr1-R2,30min,A6,14285,10225,10784,4625.3,42.83,39.63
Rep2-0Pi-Ctrl,d121721-30min-0Pi-gtr1-R2,30min,A7,13653,10377,9834,5083.96,45.81,41.6
Rep2-0Pi-Ctrl,d121721-30min-0Pi-gtr1-R2,30min,A8,11701,9934,10016,4766.46,45.4,40.7
Rep2-0Pi-Ctrl,d121721-30min-0Pi-gtr1-R2,30min,B5,14662,10678,10574,5196.11,46.1,40.92
Rep2-0Pi-Ctrl,d121721-30min-0Pi-gtr1-R2,30min,B6,14548,9143,9834,4787.09,48.48,43.97
Rep2-0Pi-Ctrl,d121721-30min-0Pi-gtr1-R2,30min,B7,14248,11190,12346,5539.4,47.26,41.11
Rep2-0Pi-Ctrl,d121721-30min-0Pi-gtr1-R2,30min,B8,13026,8671,9834,4867.02,51.5,46.05
Rep2-0Pi-Ctrl,d121721-30min-0Pi-gtr1-R2,30min,C5,4413,2577,4194,2018.01,67.48,66.68
Rep2-0Pi-Ctrl,d121721-30min-0Pi-gtr1-R2,30min,C6,14149,10461,12093,4973,44.4,40.68
Rep2-0Pi-Ctrl,d121721-30min-0Pi-gtr1-R2,30min,C7,4118,2289,4428,2644.25,87.59,82.05
Rep2-0Pi-Ctrl,d121721-30min-0Pi-gtr1-R2,30min,C8,14533,10725,11635,5051.99,44.1,41.96
Rep2-0Pi-Ctrl,d121721-30min-0Pi-gtr1-R2,30min,D5,4617,2298,4281,1931.9,71.31,71.1
Rep2-0Pi-Ctrl,d121721-30min-0Pi-gtr1-R2,30min,D6,14729,10537,12092,4900.22,43.45,40.02
Rep2-0Pi-Ctrl,d121721-30min-0Pi-gtr1-R2,30min,D7,0,NA,NA,NA,NA,NA
Rep2-0Pi-Ctrl,d121721-30min-0Pi-gtr1-R2,30min,D8,14454,10673,12098,5222.54,45.48,42.36
Rep2-0Pi-Ctrl,d121721-30min-0Pi-gtr1-R2,30min,E5,2860,1426,955,1329.86,75.47,69.89
Rep2-0Pi-Ctrl,d121721-30min-0Pi-gtr1-R2,30min,E7,4920,1522,1331,1646.83,82.45,71.69
Rep2-0Pi-Ctrl,d121721-30min-0Pi-gtr1-R2,30min,F5,15286,12208,13355,5555.15,42.2,39.45
Rep2-0Pi-Ctrl,d121721-30min-0Pi-gtr1-R2,30min,F7,14753,12697,13356,5756.49,42.71,38.84
Rep2-0Pi-Ctrl,d121721-30min-0Pi-gtr1-R2,30min,G5,15307,12182,13093,5458.16,41.78,38.59
Rep2-0Pi-Ctrl,d121721-30min-0Pi-gtr1-R2,30min,G7,14692,12929,12845,5859.44,42.48,38.46
Rep2-0Pi-Ctrl,d121721-30min-0Pi-gtr1-R2,30min,H5,15570,12153,12578,5440.52,41.78,38.56
Rep2-0Pi-Ctrl,d121721-30min-0Pi-gtr1-R2,30min,H7,15301,12771,12828,5668.58,41.62,38.39
Rep2-0Pi-Ctrl,d121721-30min-0Pi-gtr1-R2,30min,E6,15893,8139,8686,3549.91,41.15,38.55
Rep2-0Pi-Ctrl,d121721-30min-0Pi-gtr1-R2,30min,F6,14774,7766,8258,3532.62,42.7,39.78
Rep2-0Pi-Ctrl,d121721-30min-0Pi-gtr1-R2,30min,G6,15484,8587,9490,3731.04,40.85,38.35
Rep2-0Pi-Ctrl,d121721-30min-0Pi-gtr1-R2,30min,E8,15207,8401,9486,3873.73,43.17,40.93
Rep2-0Pi-Ctrl,d121721-30min-0Pi-gtr1-R2,30min,F8,15697,7509,8119,3637.33,44.89,42.39
Rep2-0Pi-Ctrl,d121721-30min-0Pi-gtr1-R2,30min,G8,14558,8638,8679,3963.63,42.93,40.88
Rep3-0Pi-Ctrl,d011322-60min-0Pi-gtr1-R3,60min,A9,13826,26087,28784,13435.78,48.43,48.56
Rep3-0Pi-Ctrl,d011322-60min-0Pi-gtr1-R3,60min,A10,14094,27147,26861,14189.77,48.22,48.86
Rep3-0Pi-Ctrl,d011322-60min-0Pi-gtr1-R3,60min,A11,12043,10726,12829,5446.14,47.17,43.97
Rep3-0Pi-Ctrl,d011322-60min-0Pi-gtr1-R3,60min,A12,12468,10693,13349,5384.57,46.85,43.66
Rep3-0Pi-Ctrl,d011322-60min-0Pi-gtr1-R3,60min,B9,13988,21764,22329,10277.66,44.05,41.91
Rep3-0Pi-Ctrl,d011322-60min-0Pi-gtr1-R3,60min,B10,14048,13504,14207,6814.54,46.95,42.79
Rep3-0Pi-Ctrl,d011322-60min-0Pi-gtr1-R3,60min,B11,13294,11726,13096,5435.75,43.69,40.64
Rep3-0Pi-Ctrl,d011322-60min-0Pi-gtr1-R3,60min,B12,12967,9597,11637,5856.43,55.16,48.15
Rep3-0Pi-Ctrl,d011322-60min-0Pi-gtr1-R3,60min,C9,6899,9109,14172,8099.06,75.41,81.87
Rep3-0Pi-Ctrl,d011322-60min-0Pi-gtr1-R3,60min,C10,14070,20799,22854,12531.94,53.91,53.57
Rep3-0Pi-Ctrl,d011322-60min-0Pi-gtr1-R3,60min,C11,5219,4467,8405,3677.69,71.16,72.09
Rep3-0Pi-Ctrl,d011322-60min-0Pi-gtr1-R3,60min,C12,12427,11077,12582,5709.11,47.7,44.56
Rep3-0Pi-Ctrl,d011322-60min-0Pi-gtr1-R3,60min,D9,6380,8768,13900,8423.24,79.46,87.25
Rep3-0Pi-Ctrl,d011322-60min-0Pi-gtr1-R3,60min,D10,15044,25350,28120,13563.85,49.44,48.99
Rep3-0Pi-Ctrl,d011322-60min-0Pi-gtr1-R3,60min,D11,5936,3872,6415,3286.68,72.69,76.24
Rep3-0Pi-Ctrl,d011322-60min-0Pi-gtr1-R3,60min,D12,13641,10648,13088,5275.46,46.26,44.61
Rep3-0Pi-Ctrl,d011322-60min-0Pi-gtr1-R3,60min,E9,4897,2985,6914,4004.51,95.07,94.87
Rep3-0Pi-Ctrl,d011322-60min-0Pi-gtr1-R3,60min,E11,4485,1523,759,1894.9,90.52,79.05
Rep3-0Pi-Ctrl,d011322-60min-0Pi-gtr1-R3,60min,F9,15680,28242,32399,14432.79,47.16,47.71
Rep3-0Pi-Ctrl,d011322-60min-0Pi-gtr1-R3,60min,F11,14875,14618,14508,6591.87,42.22,39.73
Rep3-0Pi-Ctrl,d011322-60min-0Pi-gtr1-R3,60min,G9,15663,29799,30209,13475.35,42.13,40.58
Rep3-0Pi-Ctrl,d011322-60min-0Pi-gtr1-R3,60min,G11,15243,14318,13919,6307.22,41.3,38.07
Rep3-0Pi-Ctrl,d011322-60min-0Pi-gtr1-R3,60min,H9,15531,30479,30198,14437.62,44.02,43.8
Rep3-0Pi-Ctrl,d011322-60min-0Pi-gtr1-R3,60min,H11,14273,13568,14487,6324.49,43.53,40.02
Rep3-0Pi-Ctrl,d011322-60min-0Pi-gtr1-R3,60min,E10,15629,22893,30139,12759.93,51.44,53.12
Rep3-0Pi-Ctrl,d011322-60min-0Pi-gtr1-R3,60min,F10,15374,22276,28800,12710.46,52.15,53.57
Rep3-0Pi-Ctrl,d011322-60min-0Pi-gtr1-R3,60min,G10,15390,23793,25067,13352.58,51.51,52.69
Rep3-0Pi-Ctrl,d011322-60min-0Pi-gtr1-R3,60min,E12,12411,8209,10380,3991.53,45.42,42.75
Rep3-0Pi-Ctrl,d011322-60min-0Pi-gtr1-R3,60min,F12,12196,8281,9002,3953.29,44.8,43.11
Rep3-0Pi-Ctrl,d011322-60min-0Pi-gtr1-R3,60min,G12,12920,8456,9832,4095.32,45.57,42.79
Rep1-0Pi-Ctrl,d121521-60min-0Pi-gtr1-R1,60min,A9,14205,15488,16429,6375.82,39.09,37.84
Rep1-0Pi-Ctrl,d121521-60min-0Pi-gtr1-R1,60min,A10,14166,16019,17135,6459.95,38.36,37.75
Rep1-0Pi-Ctrl,d121521-60min-0Pi-gtr1-R1,60min,A11,12361,11508,12100,5180.17,42.41,40.34
Rep1-0Pi-Ctrl,d121521-60min-0Pi-gtr1-R1,60min,A12,12722,10059,11625,4739.1,44.31,42.8
Rep1-0Pi-Ctrl,d121521-60min-0Pi-gtr1-R1,60min,B9,14353,14994,14805,5778.7,36.72,35.02
Rep1-0Pi-Ctrl,d121521-60min-0Pi-gtr1-R1,60min,B10,14080,13723,13912,6153.8,42.05,39.24
Rep1-0Pi-Ctrl,d121521-60min-0Pi-gtr1-R1,60min,B11,11920,12203,12574,5216.03,40.62,38.64
Rep1-0Pi-Ctrl,d121521-60min-0Pi-gtr1-R1,60min,B12,12501,9347,10771,5318.38,51.85,45.46
Rep1-0Pi-Ctrl,d121521-60min-0Pi-gtr1-R1,60min,C9,5778,5142,5506,4417.35,73.23,69.27
Rep1-0Pi-Ctrl,d121521-60min-0Pi-gtr1-R1,60min,C10,14213,13966,15092,5765.58,39.35,37.55
Rep1-0Pi-Ctrl,d121521-60min-0Pi-gtr1-R1,60min,C11,4413,4827,7135,4597.6,76.96,74.7
Rep1-0Pi-Ctrl,d121521-60min-0Pi-gtr1-R1,60min,C12,12197,9468,10782,4896.02,47.91,42.23
Rep1-0Pi-Ctrl,d121521-60min-0Pi-gtr1-R1,60min,D9,5704,4425,5729,3251.59,64.99,61.43
Rep1-0Pi-Ctrl,d121521-60min-0Pi-gtr1-R1,60min,D10,14318,15823,17531,6309.12,38.03,36.88
Rep1-0Pi-Ctrl,d121521-60min-0Pi-gtr1-R1,60min,D11,5407,3392,3981,2808.84,70.58,67.66
Rep1-0Pi-Ctrl,d121521-60min-0Pi-gtr1-R1,60min,D12,11666,10648,10590,4896.63,43.24,41.7
Rep1-0Pi-Ctrl,d121521-60min-0Pi-gtr1-R1,60min,E9,3504,2064,2075,2154.3,80.63,77.49
Rep1-0Pi-Ctrl,d121521-60min-0Pi-gtr1-R1,60min,E11,3008,2040,1109,2236.73,83.04,75.51
Rep1-0Pi-Ctrl,d121521-60min-0Pi-gtr1-R1,60min,F9,15507,19152,18712,7297.7,35.65,34.29
Rep1-0Pi-Ctrl,d121521-60min-0Pi-gtr1-R1,60min,F11,14298,14519,15739,6124.38,39.53,36.98
Rep1-0Pi-Ctrl,d121521-60min-0Pi-gtr1-R1,60min,G9,15474,18634,17904,7262.72,36.51,34.36
Rep1-0Pi-Ctrl,d121521-60min-0Pi-gtr1-R1,60min,G11,14328,14886,14507,6217.43,39.32,37.12
Rep1-0Pi-Ctrl,d121521-60min-0Pi-gtr1-R1,60min,H9,15657,17771,17534,6835.94,36.15,34.72
Rep1-0Pi-Ctrl,d121521-60min-0Pi-gtr1-R1,60min,H11,14423,13466,14195,5684.33,39.69,37.6
Rep2-0Pi-Ctrl,d121721-60min-0Pi-gtr1-R2,60min,A9,12166,14547,16429,6907.15,45.44,42.16
Rep2-0Pi-Ctrl,d121721-60min-0Pi-gtr1-R2,60min,A10,12419,15623,16790,6530.88,40.1,39.17
Rep2-0Pi-Ctrl,d121721-60min-0Pi-gtr1-R2,60min,A11,10697,9653,11406,5479.62,54.25,48.69
Rep2-0Pi-Ctrl,d121721-60min-0Pi-gtr1-R2,60min,A12,8094,9504,9325,4936.57,49.01,47.12
Rep2-0Pi-Ctrl,d121721-60min-0Pi-gtr1-R2,60min,B9,12386,14140,14487,6572.32,45.31,40.21
Rep2-0Pi-Ctrl,d121721-60min-0Pi-gtr1-R2,60min,B10,12713,12934,13632,5971.15,43.64,41.33
Rep2-0Pi-Ctrl,d121721-60min-0Pi-gtr1-R2,60min,B11,10083,10281,12586,5679.03,52.92,49.29
Rep2-0Pi-Ctrl,d121721-60min-0Pi-gtr1-R2,60min,B12,10483,8371,9142,4812.79,52.4,47.04
Rep2-0Pi-Ctrl,d121721-60min-0Pi-gtr1-R2,60min,C9,3972,3124,5645,2513.07,68.71,71.1
Rep2-0Pi-Ctrl,d121721-60min-0Pi-gtr1-R2,60min,C10,13807,15276,15754,6209.4,38.83,38.54
Rep2-0Pi-Ctrl,d121721-60min-0Pi-gtr1-R2,60min,C11,2903,2457,4622,2554.42,80.64,77.3
Rep2-0Pi-Ctrl,d121721-60min-0Pi-gtr1-R2,60min,C12,8857,10413,12087,4980.97,45.06,42.73
Rep2-0Pi-Ctrl,d121721-60min-0Pi-gtr1-R2,60min,D9,4577,2802,4424,2315.53,70.18,69.9
Rep2-0Pi-Ctrl,d121721-60min-0Pi-gtr1-R2,60min,D10,13473,15571,17148,6444.31,39.7,38.7
Rep2-0Pi-Ctrl,d121721-60min-0Pi-gtr1-R2,60min,D11,3087,2540,4331,2742.64,82.9,81.89
Rep2-0Pi-Ctrl,d121721-60min-0Pi-gtr1-R2,60min,D12,11364,10476,10009,5097.92,45.08,42.97
Rep2-0Pi-Ctrl,d121721-60min-0Pi-gtr1-R2,60min,E9,5057,1503,828,1619.73,81.68,72.01
Rep2-0Pi-Ctrl,d121721-60min-0Pi-gtr1-R2,60min,E11,4364,1449,666,1838.49,92.05,71.57
Rep2-0Pi-Ctrl,d121721-60min-0Pi-gtr1-R2,60min,F9,14212,16964,17517,6932.63,38.57,36.13
Rep2-0Pi-Ctrl,d121721-60min-0Pi-gtr1-R2,60min,F11,12380,13130,15100,6067.6,44.28,41.05
Rep2-0Pi-Ctrl,d121721-60min-0Pi-gtr1-R2,60min,G9,14740,17448,18693,6972.94,38.16,36.28
Rep2-0Pi-Ctrl,d121721-60min-0Pi-gtr1-R2,60min,G11,13010,12934,14194,5923.05,42.88,40.11
Rep2-0Pi-Ctrl,d121721-60min-0Pi-gtr1-R2,60min,H9,14784,17537,19555,6959.3,37.8,36.85
Rep2-0Pi-Ctrl,d121721-60min-0Pi-gtr1-R2,60min,H11,12966,13068,14479,5829.94,42.07,40.15
Rep2-0Pi-Ctrl,d121721-60min-0Pi-gtr1-R2,60min,E10,15299,11189,10978,4634.47,39.14,38.33
Rep2-0Pi-Ctrl,d121721-60min-0Pi-gtr1-R2,60min,F10,14481,11779,13348,4852.9,39.31,38.39
Rep2-0Pi-Ctrl,d121721-60min-0Pi-gtr1-R2,60min,G10,12708,12756,12828,5193.75,39,37.45
Rep2-0Pi-Ctrl,d121721-60min-0Pi-gtr1-R2,60min,E12,13243,7374,7597,3576.5,45.26,43.59
Rep2-0Pi-Ctrl,d121721-60min-0Pi-gtr1-R2,60min,F12,11805,7471,7358,3646.55,45.46,43.3
Rep2-0Pi-Ctrl,d121721-60min-0Pi-gtr1-R2,60min,G12,11300,8597,10387,4116.44,44.83,42.19
Rep3-0Pi-Ctrl,d011322-90min-0Pi-gtr1-R3,90min,A1,13095,30899,30197,15189.95,46.42,45.76
Rep3-0Pi-Ctrl,d011322-90min-0Pi-gtr1-R3,90min,A2,13986,28711,34828,14760.04,47.91,47.35
Rep3-0Pi-Ctrl,d011322-90min-0Pi-gtr1-R3,90min,A3,11127,8744,10015,4877.71,50.83,49.76
Rep3-0Pi-Ctrl,d011322-90min-0Pi-gtr1-R3,90min,B1,12635,26135,28105,11990.5,43.68,40.91
Rep3-0Pi-Ctrl,d011322-90min-0Pi-gtr1-R3,90min,B2,14156,17683,19120,8626.85,46.18,43.33
Rep3-0Pi-Ctrl,d011322-90min-0Pi-gtr1-R3,90min,B3,12873,10184,11865,5285.25,48.25,49.02
Rep3-0Pi-Ctrl,d011322-90min-0Pi-gtr1-R3,90min,C1,7664,8478,12336,7762.5,78.21,86.42
Rep3-0Pi-Ctrl,d011322-90min-0Pi-gtr1-R3,90min,C3,4400,3698,4908,3320.06,75.24,77.82
Rep3-0Pi-Ctrl,d011322-90min-0Pi-gtr1-R3,90min,D1,6839,8403,12089,8060.86,80.08,87.48
Rep3-0Pi-Ctrl,d011322-90min-0Pi-gtr1-R3,90min,D3,6083,3195,5163,2968.29,77.39,70.07
Rep3-0Pi-Ctrl,d011322-90min-0Pi-gtr1-R3,90min,E1,4776,2612,5217,3668.66,96.38,93.14
Rep3-0Pi-Ctrl,d011322-90min-0Pi-gtr1-R3,90min,E3,3182,1388,1013,2006.13,106.39,75.79
Rep3-0Pi-Ctrl,d011322-90min-0Pi-gtr1-R3,90min,F1,14224,32837,37370,16017.35,45.51,45.34
Rep3-0Pi-Ctrl,d011322-90min-0Pi-gtr1-R3,90min,F3,12796,11921,13366,6048.97,47.57,49.74
Rep3-0Pi-Ctrl,d011322-90min-0Pi-gtr1-R3,90min,G1,14853,34079,33208,15125.87,41.65,40.55
Rep3-0Pi-Ctrl,d011322-90min-0Pi-gtr1-R3,90min,H1,15447,31180,30895,14777.43,44.61,43.8
Rep3-0Pi-Ctrl,d011322-90min-0Pi-gtr1-R3,90min,C2,13513,25043,26866,14706.58,53.77,52.28
Rep3-0Pi-Ctrl,d011322-90min-0Pi-gtr1-R3,90min,D2,14268,28699,32388,14927.52,48.08,47.56
Rep3-0Pi-Ctrl,d011322-90min-0Pi-gtr1-R3,90min,A4,11587,8219,9154,4552.15,50.07,48.96
Rep3-0Pi-Ctrl,d011322-90min-0Pi-gtr1-R3,90min,B4,12746,6992,7473,5204.96,63.43,53.84
Rep3-0Pi-Ctrl,d011322-90min-0Pi-gtr1-R3,90min,C4,10560,9082,11871,5237.1,52.57,51.94
Rep3-0Pi-Ctrl,d011322-90min-0Pi-gtr1-R3,90min,D4,11418,8656,10386,4863.27,51.04,49.91
Rep3-0Pi-Ctrl,d011322-90min-0Pi-gtr1-R3,90min,G3,12467,12204,14512,5943.88,45.98,47.01
Rep3-0Pi-Ctrl,d011322-90min-0Pi-gtr1-R3,90min,H3,12567,10932,13904,5621.97,47.82,49.3
Rep3-0Pi-Ctrl,d011322-90min-0Pi-gtr1-R3,90min,E2,13844,25547,28813,14067.95,50.67,50.9
Rep3-0Pi-Ctrl,d011322-90min-0Pi-gtr1-R3,90min,F2,13778,25114,25026,13656.66,50.36,50.81
Rep3-0Pi-Ctrl,d011322-90min-0Pi-gtr1-R3,90min,G2,14577,26637,30871,14243.83,49.48,50.28
Rep3-0Pi-Ctrl,d011322-90min-0Pi-gtr1-R3,90min,E4,10622,6994,7733,3814.82,49.96,50.22
Rep3-0Pi-Ctrl,d011322-90min-0Pi-gtr1-R3,90min,F4,10729,6989,8991,3738.73,49.36,51.15
Rep3-0Pi-Ctrl,d011322-90min-0Pi-gtr1-R3,90min,G4,10588,6870,8680,3785.23,50.16,51.32
Rep1-0Pi-Ctrl,d121521-90min-0Pi-gtr1-R1,90min,A1,1613,21351,24984,8703.28,38.77,38.57
Rep1-0Pi-Ctrl,d121521-90min-0Pi-gtr1-R1,90min,A2,13608,19117,20891,8489.54,41.36,41.21
Rep1-0Pi-Ctrl,d121521-90min-0Pi-gtr1-R1,90min,A3,10599,8925,11868,4687.82,47.99,49.19
Rep1-0Pi-Ctrl,d121521-90min-0Pi-gtr1-R1,90min,B1,12000,20854,21360,8102.38,37.17,36.59
Rep1-0Pi-Ctrl,d121521-90min-0Pi-gtr1-R1,90min,B2,13190,17510,19104,7886.16,41.87,40.5
Rep1-0Pi-Ctrl,d121521-90min-0Pi-gtr1-R1,90min,B3,11076,9595,10787,4716.6,45.57,49.04
Rep1-0Pi-Ctrl,d121521-90min-0Pi-gtr1-R1,90min,C1,4427,5244,9474,4484.58,71.86,68.05
Rep1-0Pi-Ctrl,d121521-90min-0Pi-gtr1-R1,90min,C3,3657,3707,4912,3557.15,77.26,70.31
Rep1-0Pi-Ctrl,d121521-90min-0Pi-gtr1-R1,90min,D1,5363,4518,6324,3316.86,64.75,59.86
Rep1-0Pi-Ctrl,d121521-90min-0Pi-gtr1-R1,90min,D3,4937,2793,4677,2461.74,73.09,67.26
Rep1-0Pi-Ctrl,d121521-90min-0Pi-gtr1-R1,90min,E1,3499,1652,621,1879.14,85.7,78.26
Rep1-0Pi-Ctrl,d121521-90min-0Pi-gtr1-R1,90min,E3,1858,1701,1271,1901,83.45,74.7
Rep1-0Pi-Ctrl,d121521-90min-0Pi-gtr1-R1,90min,F1,12969,24986,27460,9750.26,37.04,36.66
Rep1-0Pi-Ctrl,d121521-90min-0Pi-gtr1-R1,90min,F3,12068,12615,12849,5772.35,43.71,44.6
Rep1-0Pi-Ctrl,d121521-90min-0Pi-gtr1-R1,90min,G1,13496,23937,26199,9245.16,36.63,35.92
Rep1-0Pi-Ctrl,d121521-90min-0Pi-gtr1-R1,90min,H1,13678,22457,23921,8804.59,37.49,37.96
Rep1-0Pi-Ctrl,d121521-90min-0Pi-gtr1-R1,90min,C2,12152,18554,21874,8106.91,41.58,40.57
Rep1-0Pi-Ctrl,d121521-90min-0Pi-gtr1-R1,90min,D2,12521,20546,20882,8533.2,39.86,39.89
Rep1-0Pi-Ctrl,d121521-90min-0Pi-gtr1-R1,90min,A4,12356,7847,8116,4300.37,49.26,48.29
Rep1-0Pi-Ctrl,d121521-90min-0Pi-gtr1-R1,90min,B4,12474,7021,8256,5179.23,63.68,50.74
Rep1-0Pi-Ctrl,d121521-90min-0Pi-gtr1-R1,90min,C4,10637,7629,9148,4887.13,57.59,50.57
Rep1-0Pi-Ctrl,d121521-90min-0Pi-gtr1-R1,90min,D4,13483,7518,8388,3755.45,45.35,43.21
Rep1-0Pi-Ctrl,d121521-90min-0Pi-gtr1-R1,90min,G3,13006,12347,14787,5888.72,45.18,47.22
Rep1-0Pi-Ctrl,d121521-90min-0Pi-gtr1-R1,90min,H3,12896,10795,12103,5343.01,46.37,49.79
Rep2-0Pi-Ctrl,d121721-90min-0Pi-gtr1-R2,90min,A1,11955,18161,19138,8277.61,42.92,40.83
Rep2-0Pi-Ctrl,d121721-90min-0Pi-gtr1-R2,90min,A2,12710,18452,17526,8380.54,42.43,38.62
Rep2-0Pi-Ctrl,d121721-90min-0Pi-gtr1-R2,90min,A3,10799,8732,9832,4847.56,51.72,49.77
Rep2-0Pi-Ctrl,d121721-90min-0Pi-gtr1-R2,90min,B1,11887,18085,18294,7894.89,41.57,40.06
Rep2-0Pi-Ctrl,d121721-90min-0Pi-gtr1-R2,90min,B2,12924,16638,20904,7810.51,44.59,41.18
Rep2-0Pi-Ctrl,d121721-90min-0Pi-gtr1-R2,90min,B3,10447,9020,9831,5077.99,52.35,49.54
Rep2-0Pi-Ctrl,d121721-90min-0Pi-gtr1-R2,90min,C1,3961,3286,4790,2852.8,74.24,76.84
Rep2-0Pi-Ctrl,d121721-90min-0Pi-gtr1-R2,90min,C3,2768,2210,3864,2258,78.91,72.22
Rep2-0Pi-Ctrl,d121721-90min-0Pi-gtr1-R2,90min,D1,4322,2932,4237,2420.41,70.58,68.52
Rep2-0Pi-Ctrl,d121721-90min-0Pi-gtr1-R2,90min,D3,3110,2173,655,2540.16,87.3,81.86
Rep2-0Pi-Ctrl,d121721-90min-0Pi-gtr1-R2,90min,E1,4035,1067,565,1552.8,97.31,78.78
Rep2-0Pi-Ctrl,d121721-90min-0Pi-gtr1-R2,90min,E3,6101,889,690,1197.1,93.29,47.7
Rep2-0Pi-Ctrl,d121721-90min-0Pi-gtr1-R2,90min,F1,12882,22060,25047,8826.71,38.11,36.56
Rep2-0Pi-Ctrl,d121721-90min-0Pi-gtr1-R2,90min,F3,11337,11566,12085,5655.43,46.49,46.47
Rep2-0Pi-Ctrl,d121721-90min-0Pi-gtr1-R2,90min,G1,12685,21884,25025,9495.82,42.15,39.52
Rep2-0Pi-Ctrl,d121721-90min-0Pi-gtr1-R2,90min,H1,12983,22202,22329,8898.28,38.74,37.65
Rep2-0Pi-Ctrl,d121721-90min-0Pi-gtr1-R2,90min,C2,11821,20535,23370,8592.21,40.27,39.54
Rep2-0Pi-Ctrl,d121721-90min-0Pi-gtr1-R2,90min,D2,11614,20251,21356,8805.03,41.8,40.44
Rep2-0Pi-Ctrl,d121721-90min-0Pi-gtr1-R2,90min,A4,12094,7974,8390,4402.07,50.56,47.57
Rep2-0Pi-Ctrl,d121721-90min-0Pi-gtr1-R2,90min,B4,11846,6545,6710,4748.45,63.38,51.51
Rep2-0Pi-Ctrl,d121721-90min-0Pi-gtr1-R2,90min,C4,10116,8529,9162,4581.53,49.24,49.27
Rep2-0Pi-Ctrl,d121721-90min-0Pi-gtr1-R2,90min,D4,10045,8429,8841,4543.36,49.2,48.56
Rep2-0Pi-Ctrl,d121721-90min-0Pi-gtr1-R2,90min,G3,12545,11676,15108,6021.14,48.89,49.19
Rep2-0Pi-Ctrl,d121721-90min-0Pi-gtr1-R2,90min,H3,12133,11129,13361,5630.44,47.37,48.93
Rep2-0Pi-Ctrl,d121721-90min-0Pi-gtr1-R2,90min,E2,14148,13438,13363,6654.39,47.85,42.21
Rep2-0Pi-Ctrl,d121721-90min-0Pi-gtr1-R2,90min,F2,13641,15176,17525,6304.5,39.85,39.63
Rep2-0Pi-Ctrl,d121721-90min-0Pi-gtr1-R2,90min,G2,12296,16358,19984,6493.17,38.47,37.69
Rep2-0Pi-Ctrl,d121721-90min-0Pi-gtr1-R2,90min,E4,12038,6211,7851,3442.78,50.12,47
Rep2-0Pi-Ctrl,d121721-90min-0Pi-gtr1-R2,90min,F4,10275,6618,7595,3530.26,48.81,47.92
Rep2-0Pi-Ctrl,d121721-90min-0Pi-gtr1-R2,90min,G4,10320,7065,7846,3737.6,48.39,47.97
Rep3-0Pi-Ctrl,d011322-120min-0Pi-gtr1-R3,120min,A5,11609,31332,33983,15402.74,46.61,46.78
Rep3-0Pi-Ctrl,d011322-120min-0Pi-gtr1-R3,120min,A6,12439,33896,38351,16204.97,45.47,44.74
Rep3-0Pi-Ctrl,d011322-120min-0Pi-gtr1-R3,120min,A7,10740,7258,9152,4072.73,50.88,46.06
Rep3-0Pi-Ctrl,d011322-120min-0Pi-gtr1-R3,120min,A8,10669,7368,7020,3941.57,48.75,45.05
Rep3-0Pi-Ctrl,d011322-120min-0Pi-gtr1-R3,120min,B5,12845,28944,30183,13280.43,44.01,42.06
Rep3-0Pi-Ctrl,d011322-120min-0Pi-gtr1-R3,120min,B6,11781,20669,21335,9360.05,43.22,41.57
Rep3-0Pi-Ctrl,d011322-120min-0Pi-gtr1-R3,120min,B7,10619,8178,7845,4339.77,48.1,44.47
Rep3-0Pi-Ctrl,d011322-120min-0Pi-gtr1-R3,120min,B8,10789,6195,7356,5954.23,78.96,51.67
Rep3-0Pi-Ctrl,d011322-120min-0Pi-gtr1-R3,120min,C5,5411,8562,9654,7665.01,76.83,80.55
Rep3-0Pi-Ctrl,d011322-120min-0Pi-gtr1-R3,120min,C6,12488,27963,25075,14905.41,49.33,48.62
Rep3-0Pi-Ctrl,d011322-120min-0Pi-gtr1-R3,120min,C7,4048,3188,4798,2790.31,73.79,73.79
Rep3-0Pi-Ctrl,d011322-120min-0Pi-gtr1-R3,120min,C8,10914,7045,7600,4147.16,52.9,48.03
Rep3-0Pi-Ctrl,d011322-120min-0Pi-gtr1-R3,120min,D5,7830,8180,10204,8192.4,83.59,87.67
Rep3-0Pi-Ctrl,d011322-120min-0Pi-gtr1-R3,120min,D6,14918,28545,32406,14416.2,47.09,46.76
Rep3-0Pi-Ctrl,d011322-120min-0Pi-gtr1-R3,120min,D7,6463,2737,3581,2313.1,71.95,67.06
Rep3-0Pi-Ctrl,d011322-120min-0Pi-gtr1-R3,120min,D8,13289,6691,6609,3481.69,47.14,42.23
Rep3-0Pi-Ctrl,d011322-120min-0Pi-gtr1-R3,120min,E5,4772,2291,1297,3106.64,94.12,87.61
Rep3-0Pi-Ctrl,d011322-120min-0Pi-gtr1-R3,120min,E7,2548,1033,404,1983.19,124.15,89.39
Rep3-0Pi-Ctrl,d011322-120min-0Pi-gtr1-R3,120min,F5,13500,34644,39261,15911.83,43.66,44.59
Rep3-0Pi-Ctrl,d011322-120min-0Pi-gtr1-R3,120min,F7,13358,9024,7724,5236.6,50.88,48.35
Rep3-0Pi-Ctrl,d011322-120min-0Pi-gtr1-R3,120min,G5,14121,35740,40266,15344.92,41.08,40.6
Rep3-0Pi-Ctrl,d011322-120min-0Pi-gtr1-R3,120min,G7,14928,8336,8541,4522.69,48.1,43.27
Rep3-0Pi-Ctrl,d011322-120min-0Pi-gtr1-R3,120min,H5,14073,33892,35677,15106.5,42.44,42.83
Rep3-0Pi-Ctrl,d011322-120min-0Pi-gtr1-R3,120min,H7,14263,7697,8114,4294.37,49.13,44.21
Rep3-0Pi-Ctrl,d011322-120min-0Pi-gtr1-R3,120min,E6,13895,26798,26260,13953.84,48.66,48.89
Rep3-0Pi-Ctrl,d011322-120min-0Pi-gtr1-R3,120min,F6,13600,25563,33174,13491.38,49.18,48.46
Rep3-0Pi-Ctrl,d011322-120min-0Pi-gtr1-R3,120min,G6,14078,27534,30159,13969.16,47.69,47.89
Rep3-0Pi-Ctrl,d011322-120min-0Pi-gtr1-R3,120min,E8,10878,5942,7478,3279.24,50.05,47.1
Rep3-0Pi-Ctrl,d011322-120min-0Pi-gtr1-R3,120min,F8,10691,5918,6804,3166.84,48.7,45.42
Rep3-0Pi-Ctrl,d011322-120min-0Pi-gtr1-R3,120min,G8,11452,6137,7246,3362.91,49.69,47.05
Rep1-0Pi-Ctrl,d121521-120min-0Pi-gtr1-R1,120min,A5,10531,27851,30193,11528.58,39.87,38.97
Rep1-0Pi-Ctrl,d121521-120min-0Pi-gtr1-R1,120min,A6,12729,22618,22359,10425.35,42.61,41.47
Rep1-0Pi-Ctrl,d121521-120min-0Pi-gtr1-R1,120min,A7,11383,7439,8991,4094.21,49.26,45.38
Rep1-0Pi-Ctrl,d121521-120min-0Pi-gtr1-R1,120min,A8,12792,6749,7857,3226.04,44.31,41.28
Rep1-0Pi-Ctrl,d121521-120min-0Pi-gtr1-R1,120min,B5,10355,26901,28110,10715.51,38.31,36.83
Rep1-0Pi-Ctrl,d121521-120min-0Pi-gtr1-R1,120min,B6,11814,22308,23926,10038.15,42.13,40.28
Rep1-0Pi-Ctrl,d121521-120min-0Pi-gtr1-R1,120min,B7,10578,8107,8105,4236.96,47.05,44.63
Rep1-0Pi-Ctrl,d121521-120min-0Pi-gtr1-R1,120min,B8,11048,6323,6809,4613.99,63.33,47.11
Rep1-0Pi-Ctrl,d121521-120min-0Pi-gtr1-R1,120min,C5,4996,5506,8123,4750.28,74.02,69.44
Rep1-0Pi-Ctrl,d121521-120min-0Pi-gtr1-R1,120min,C6,11795,21739,23919,10026.25,43.2,41.36
Rep1-0Pi-Ctrl,d121521-120min-0Pi-gtr1-R1,120min,C7,4579,3171,4678,2738.71,72.11,64.1
Rep1-0Pi-Ctrl,d121521-120min-0Pi-gtr1-R1,120min,C8,11202,6293,7027,4008.97,56.44,46.31
Rep1-0Pi-Ctrl,d121521-120min-0Pi-gtr1-R1,120min,D5,5677,4992,7484,3665.8,66.37,61.92
Rep1-0Pi-Ctrl,d121521-120min-0Pi-gtr1-R1,120min,D6,12144,23535,28801,10536.35,42.14,42.34
Rep1-0Pi-Ctrl,d121521-120min-0Pi-gtr1-R1,120min,D7,6176,2438,3548,2098.33,71.52,65.43
Rep1-0Pi-Ctrl,d121521-120min-0Pi-gtr1-R1,120min,D8,11595,7422,8543,3804.12,46.8,42.51
Rep1-0Pi-Ctrl,d121521-120min-0Pi-gtr1-R1,120min,E5,2924,1572,1013,1670.72,81.94,70.97
Rep1-0Pi-Ctrl,d121521-120min-0Pi-gtr1-R1,120min,E7,3508,1347,896,1468.21,83.88,69.67
Rep1-0Pi-Ctrl,d121521-120min-0Pi-gtr1-R1,120min,F5,12238,30030,33968,11806,37.46,37.47
Rep1-0Pi-Ctrl,d121521-120min-0Pi-gtr1-R1,120min,F7,12404,9638,11622,5194.52,47.86,48.42
Rep1-0Pi-Ctrl,d121521-120min-0Pi-gtr1-R1,120min,G5,12681,27184,30885,11364.94,39.75,40.28
Rep1-0Pi-Ctrl,d121521-120min-0Pi-gtr1-R1,120min,G7,12503,9848,8109,5475.96,49.42,50.58
Rep1-0Pi-Ctrl,d121521-120min-0Pi-gtr1-R1,120min,H5,13713,25398,29501,10403.11,38.91,38.99
Rep1-0Pi-Ctrl,d121521-120min-0Pi-gtr1-R1,120min,H7,12936,8781,8113,4860.13,48.96,47.92
Rep2-0Pi-Ctrl,d121721-120min-0Pi-gtr1-R2,120min,A5,11030,24332,27459,10888.08,42.57,40.5
Rep2-0Pi-Ctrl,d121721-120min-0Pi-gtr1-R2,120min,A6,10913,24915,24483,11212.03,42.91,40.54
Rep2-0Pi-Ctrl,d121721-120min-0Pi-gtr1-R2,120min,A7,12579,6550,7475,3561.69,51.37,45.88
Rep2-0Pi-Ctrl,d121721-120min-0Pi-gtr1-R2,120min,A8,11367,6899,8118,3763.31,50.27,45.11
Rep2-0Pi-Ctrl,d121721-120min-0Pi-gtr1-R2,120min,B5,10498,23153,22340,10129.74,41.7,39.13
Rep2-0Pi-Ctrl,d121721-120min-0Pi-gtr1-R2,120min,B6,11376,18385,19104,9855.69,51.66,43.02
Rep2-0Pi-Ctrl,d121721-120min-0Pi-gtr1-R2,120min,B7,12237,7330,8117,3914.25,49.36,43.63
Rep2-0Pi-Ctrl,d121721-120min-0Pi-gtr1-R2,120min,B8,10892,5608,6511,4728.72,73.41,47.4
Rep2-0Pi-Ctrl,d121721-120min-0Pi-gtr1-R2,120min,C5,4381,3784,4856,3114.2,72.37,74.44
Rep2-0Pi-Ctrl,d121721-120min-0Pi-gtr1-R2,120min,C6,10146,25388,28778,10617.66,39.94,39.59
Rep2-0Pi-Ctrl,d121721-120min-0Pi-gtr1-R2,120min,C7,3196,1897,1738,1844.64,77.75,67.25
Rep2-0Pi-Ctrl,d121721-120min-0Pi-gtr1-R2,120min,C8,9683,7043,8991,3936.96,50.43,46.82
Rep2-0Pi-Ctrl,d121721-120min-0Pi-gtr1-R2,120min,D5,4334,3150,5575,2653.17,72.52,73.57
Rep2-0Pi-Ctrl,d121721-120min-0Pi-gtr1-R2,120min,D6,9787,25742,26224,11317.61,42.06,40.41
Rep2-0Pi-Ctrl,d121721-120min-0Pi-gtr1-R2,120min,D7,2719,1910,955,1976.21,78.88,71.26
Rep2-0Pi-Ctrl,d121721-120min-0Pi-gtr1-R2,120min,D8,10338,6976,8835,4265.37,57.01,51.32
Rep2-0Pi-Ctrl,d121721-120min-0Pi-gtr1-R2,120min,E5,4371,921,712,1298.25,95.17,52.48
Rep2-0Pi-Ctrl,d121721-120min-0Pi-gtr1-R2,120min,E7,5459,1131,955,876.42,65.03,33.43
Rep2-0Pi-Ctrl,d121721-120min-0Pi-gtr1-R2,120min,F5,12426,26889,27525,11619.85,41.59,39.46
Rep2-0Pi-Ctrl,d121721-120min-0Pi-gtr1-R2,120min,F7,11319,8921,10195,5072.03,50.99,48.3
Rep2-0Pi-Ctrl,d121721-120min-0Pi-gtr1-R2,120min,G5,11676,25376,29463,11698.61,44.72,40.1
Rep2-0Pi-Ctrl,d121721-120min-0Pi-gtr1-R2,120min,G7,10869,7547,7131,5394.52,65.33,63.49
Rep2-0Pi-Ctrl,d121721-120min-0Pi-gtr1-R2,120min,H5,12182,26903,33182,12214.85,44.72,40.48
Rep2-0Pi-Ctrl,d121721-120min-0Pi-gtr1-R2,120min,H7,11090,7659,6804,5238.66,61.39,59.28
Rep2-0Pi-Ctrl,d121721-120min-0Pi-gtr1-R2,120min,E6,12915,15581,16438,7038.31,42.7,39.28
Rep2-0Pi-Ctrl,d121721-120min-0Pi-gtr1-R2,120min,F6,13132,17322,18683,7315.41,40.28,40.89
Rep2-0Pi-Ctrl,d121721-120min-0Pi-gtr1-R2,120min,G6,12129,19605,21344,7859.62,39.03,39.16
Rep2-0Pi-Ctrl,d121721-120min-0Pi-gtr1-R2,120min,E8,12049,5655,6415,2838.19,46.16,42.71
Rep2-0Pi-Ctrl,d121721-120min-0Pi-gtr1-R2,120min,F8,9641,5824,6134,3291.82,51.85,47.88
Rep2-0Pi-Ctrl,d121721-120min-0Pi-gtr1-R2,120min,G8,10323,5980,6415,3212.63,48.83,45.32
Rep3-0Pi-Ctrl,d011322-150min-0Pi-gtr1-R3,150min,A9,11133,33479,35688,15874.78,45.16,44.74
Rep3-0Pi-Ctrl,d011322-150min-0Pi-gtr1-R3,150min,A10,11107,34056,37437,16137.87,45.28,45.5
Rep3-0Pi-Ctrl,d011322-150min-0Pi-gtr1-R3,150min,A11,10303,6881,8395,3698.38,49.02,46.28
Rep3-0Pi-Ctrl,d011322-150min-0Pi-gtr1-R3,150min,A12,10606,6830,6699,3689.73,49.06,46.9
Rep3-0Pi-Ctrl,d011322-150min-0Pi-gtr1-R3,150min,B9,11271,30875,33182,13484.87,42.25,41.42
Rep3-0Pi-Ctrl,d011322-150min-0Pi-gtr1-R3,150min,B10,11607,22564,23376,10266.73,43.76,42.22
Rep3-0Pi-Ctrl,d011322-150min-0Pi-gtr1-R3,150min,B11,12140,7110,9152,3660.45,47.03,44.29
Rep3-0Pi-Ctrl,d011322-150min-0Pi-gtr1-R3,150min,B12,10543,5532,6139,5006.77,76.19,51.81
Rep3-0Pi-Ctrl,d011322-150min-0Pi-gtr1-R3,150min,C9,5649,8116,12075,7354.19,77.24,80.29
Rep3-0Pi-Ctrl,d011322-150min-0Pi-gtr1-R3,150min,C10,11084,28951,28746,14838.47,47.81,46.81
Rep3-0Pi-Ctrl,d011322-150min-0Pi-gtr1-R3,150min,C11,3323,3032,2863,2806.05,75.94,68.65
Rep3-0Pi-Ctrl,d011322-150min-0Pi-gtr1-R3,150min,C12,10584,6735,7971,3911.52,52.1,48.25
Rep3-0Pi-Ctrl,d011322-150min-0Pi-gtr1-R3,150min,D9,7506,7806,12816,7658.47,82.12,88.22
Rep3-0Pi-Ctrl,d011322-150min-0Pi-gtr1-R3,150min,D10,14710,28066,28796,13976.16,46.36,46.86
Rep3-0Pi-Ctrl,d011322-150min-0Pi-gtr1-R3,150min,D11,4268,2613,3940,2230.92,71.3,68.06
Rep3-0Pi-Ctrl,d011322-150min-0Pi-gtr1-R3,150min,D12,12721,6744,8112,3483.93,47.17,44.52
Rep3-0Pi-Ctrl,d011322-150min-0Pi-gtr1-R3,150min,E9,4043,2080,5575,2871,95.19,82.26
Rep3-0Pi-Ctrl,d011322-150min-0Pi-gtr1-R3,150min,E11,4694,960,188,1128.32,91.27,86.18
Rep3-0Pi-Ctrl,d011322-150min-0Pi-gtr1-R3,150min,F9,13160,34798,41252,15929.92,43.27,45.53
Rep3-0Pi-Ctrl,d011322-150min-0Pi-gtr1-R3,150min,F11,13091,8084,9484,4283.37,47.69,42.68
Rep3-0Pi-Ctrl,d011322-150min-0Pi-gtr1-R3,150min,G9,13584,35809,42301,15417.29,41.34,42.44
Rep3-0Pi-Ctrl,d011322-150min-0Pi-gtr1-R3,150min,G11,12920,8213,9491,4181.83,46.4,41.36
Rep3-0Pi-Ctrl,d011322-150min-0Pi-gtr1-R3,150min,H9,13537,31096,34815,14372.9,43.52,45.8
Rep3-0Pi-Ctrl,d011322-150min-0Pi-gtr1-R3,150min,H11,13316,7299,7727,3666.55,45.77,41.3
Rep3-0Pi-Ctrl,d011322-150min-0Pi-gtr1-R3,150min,E10,13843,25888,30191,13521.82,48.78,49.82
Rep3-0Pi-Ctrl,d011322-150min-0Pi-gtr1-R3,150min,F10,13474,24820,28127,13268.01,50.15,50.06
Rep3-0Pi-Ctrl,d011322-150min-0Pi-gtr1-R3,150min,G10,14106,23934,28141,12752.31,49.75,50.54
Rep3-0Pi-Ctrl,d011322-150min-0Pi-gtr1-R3,150min,E12,10892,5805,7366,3163.43,49.41,48.86
Rep3-0Pi-Ctrl,d011322-150min-0Pi-gtr1-R3,150min,F12,11008,5860,5725,3228.51,50.18,49.45
Rep3-0Pi-Ctrl,d011322-150min-0Pi-gtr1-R3,150min,G12,10580,6010,7130,3469.62,51.72,48.76
Rep1-0Pi-Ctrl,d121521-150min-0Pi-gtr1-R1,150min,A9,9965,29686,34836,12761.24,40.8,39.74
Rep1-0Pi-Ctrl,d121521-150min-0Pi-gtr1-R1,150min,A10,10121,29814,33193,13441.04,42.85,41.48
Rep1-0Pi-Ctrl,d121521-150min-0Pi-gtr1-R1,150min,A11,11648,6955,7248,3754.56,48.62,45.9
Rep1-0Pi-Ctrl,d121521-150min-0Pi-gtr1-R1,150min,A12,11350,7117,8382,3894.91,49.24,45
Rep1-0Pi-Ctrl,d121521-150min-0Pi-gtr1-R1,150min,B9,9797,29513,29493,11754.11,38.18,35.71
Rep1-0Pi-Ctrl,d121521-150min-0Pi-gtr1-R1,150min,B10,10737,26903,33143,11942.69,42.2,39.61
Rep1-0Pi-Ctrl,d121521-150min-0Pi-gtr1-R1,150min,B11,11720,7776,8999,4086.14,47.52,44.87
Rep1-0Pi-Ctrl,d121521-150min-0Pi-gtr1-R1,150min,B12,12557,5908,6238,4592.1,67.33,48.83
Rep1-0Pi-Ctrl,d121521-150min-0Pi-gtr1-R1,150min,C9,4399,6124,8541,4969.29,71.43,66.65
Rep1-0Pi-Ctrl,d121521-150min-0Pi-gtr1-R1,150min,C10,10078,26438,27468,11927.56,42.97,40.77
Rep1-0Pi-Ctrl,d121521-150min-0Pi-gtr1-R1,150min,C11,4435,3219,5503,3199.51,80.1,64.62
Rep1-0Pi-Ctrl,d121521-150min-0Pi-gtr1-R1,150min,C12,10615,6138,6510,4159.15,59.46,49.73
Rep1-0Pi-Ctrl,d121521-150min-0Pi-gtr1-R1,150min,D9,5209,5665,7855,3804.6,62.35,57.31
Rep1-0Pi-Ctrl,d121521-150min-0Pi-gtr1-R1,150min,D10,13010,24851,25616,11602.91,43.51,40.85
Rep1-0Pi-Ctrl,d121521-150min-0Pi-gtr1-R1,150min,D11,4879,2334,3200,2158.03,76.21,63.2
Rep1-0Pi-Ctrl,d121521-150min-0Pi-gtr1-R1,150min,D12,10818,7608,8387,3932.87,47.15,46.09
Rep1-0Pi-Ctrl,d121521-150min-0Pi-gtr1-R1,150min,E9,3004,1403,736,1772.16,92.29,73.95
Rep1-0Pi-Ctrl,d121521-150min-0Pi-gtr1-R1,150min,E11,3381,1270,1106,1376.49,85.02,64.44
Rep1-0Pi-Ctrl,d121521-150min-0Pi-gtr1-R1,150min,F9,11370,31405,34870,13233.44,40.06,39.74
Rep1-0Pi-Ctrl,d121521-150min-0Pi-gtr1-R1,150min,F11,12638,9437,10024,4956.95,47.34,43.51
Rep1-0Pi-Ctrl,d121521-150min-0Pi-gtr1-R1,150min,G9,12520,28272,26842,12296.77,40.81,40.74
Rep1-0Pi-Ctrl,d121521-150min-0Pi-gtr1-R1,150min,G11,12716,9309,10198,4921.58,47.3,42.99
Rep1-0Pi-Ctrl,d121521-150min-0Pi-gtr1-R1,150min,H9,12932,26286,26824,11742.39,42.02,42.24
Rep1-0Pi-Ctrl,d121521-150min-0Pi-gtr1-R1,150min,H11,13361,8442,8827,4313.84,46.56,43.01
Rep2-0Pi-Ctrl,d121721-150min-0Pi-gtr1-R2,150min,A9,11888,25656,29460,11340.11,42.1,36.9
Rep2-0Pi-Ctrl,d121721-150min-0Pi-gtr1-R2,150min,A10,10929,26197,25052,11719.01,42.54,37.96
Rep2-0Pi-Ctrl,d121721-150min-0Pi-gtr1-R2,150min,A11,12231,6655,7848,3498.72,48.06,44.62
Rep2-0Pi-Ctrl,d121721-150min-0Pi-gtr1-R2,150min,A12,11132,6365,7715,3332.69,47.98,44.71
Rep2-0Pi-Ctrl,d121721-150min-0Pi-gtr1-R2,150min,B9,11509,24930,29479,10741.53,41.18,35.9
Rep2-0Pi-Ctrl,d121721-150min-0Pi-gtr1-R2,150min,B10,11193,24302,25019,10890.12,42.54,38.92
Rep2-0Pi-Ctrl,d121721-150min-0Pi-gtr1-R2,150min,B11,11470,6940,7475,3655.37,48.23,45.01
Rep2-0Pi-Ctrl,d121721-150min-0Pi-gtr1-R2,150min,B12,8730,5495,6612,4344.74,68.84,49.26
Rep2-0Pi-Ctrl,d121721-150min-0Pi-gtr1-R2,150min,C9,4010,4233,5092,3565.85,73.41,75.44
Rep2-0Pi-Ctrl,d121721-150min-0Pi-gtr1-R2,150min,C10,9524,28634,28784,12643.71,42.1,38.2
Rep2-0Pi-Ctrl,d121721-150min-0Pi-gtr1-R2,150min,C11,3226,1806,1451,1588.39,72.22,59.02
Rep2-0Pi-Ctrl,d121721-150min-0Pi-gtr1-R2,150min,C12,9415,6801,9145,3673.7,49.13,47.81
Rep2-0Pi-Ctrl,d121721-150min-0Pi-gtr1-R2,150min,D9,3841,3687,4854,2883.57,69.95,75.96
Rep2-0Pi-Ctrl,d121721-150min-0Pi-gtr1-R2,150min,D10,9265,28903,28081,13400.18,44.26,40.29
Rep2-0Pi-Ctrl,d121721-150min-0Pi-gtr1-R2,150min,D11,2819,1801,1307,1659.61,73.26,64.13
Rep2-0Pi-Ctrl,d121721-150min-0Pi-gtr1-R2,150min,D12,9617,6915,7855,3772.07,50.66,47.28
Rep2-0Pi-Ctrl,d121721-150min-0Pi-gtr1-R2,150min,E9,4003,1265,873,1334.73,82.91,58.13
Rep2-0Pi-Ctrl,d121721-150min-0Pi-gtr1-R2,150min,E11,4511,1102,1059,832.98,65.48,46.15
Rep2-0Pi-Ctrl,d121721-150min-0Pi-gtr1-R2,150min,F9,11511,28153,26832,13231.45,45.45,40.72
Rep2-0Pi-Ctrl,d121721-150min-0Pi-gtr1-R2,150min,F11,11978,8260,8688,4601.99,51.23,45.34
Rep2-0Pi-Ctrl,d121721-150min-0Pi-gtr1-R2,150min,G9,9817,28880,30857,14409.31,48.96,43.23
Rep2-0Pi-Ctrl,d121721-150min-0Pi-gtr1-R2,150min,G11,11921,7422,7983,3912,48.07,41.77
Rep2-0Pi-Ctrl,d121721-150min-0Pi-gtr1-R2,150min,H9,11026,29914,32413,13081.33,41.9,40.56
Rep2-0Pi-Ctrl,d121721-150min-0Pi-gtr1-R2,150min,H11,11912,7546,7851,3880.13,47.07,42.06
Rep2-0Pi-Ctrl,d121721-150min-0Pi-gtr1-R2,150min,E10,11808,19588,17916,8429.74,40.98,39.54
Rep2-0Pi-Ctrl,d121721-150min-0Pi-gtr1-R2,150min,F10,12080,19010,19541,7983.37,39.84,39.26
Rep2-0Pi-Ctrl,d121721-150min-0Pi-gtr1-R2,150min,G10,11797,21487,23377,9228.54,41.3,40.97
Rep2-0Pi-Ctrl,d121721-150min-0Pi-gtr1-R2,150min,E12,9448,5934,6323,3177.24,48.92,48.12
Rep2-0Pi-Ctrl,d121721-150min-0Pi-gtr1-R2,150min,F12,10661,5966,6707,3265.28,49.95,47.86
Rep2-0Pi-Ctrl,d121721-150min-0Pi-gtr1-R2,150min,G12,9670,5945,6607,3226.68,49.47,47.96
Rep3-0Pi-Ctrl,d011322-180min-0Pi-gtr1-R3,180min,A1,11582,33618,37448,16116.64,46,45.35
Rep3-0Pi-Ctrl,d011322-180min-0Pi-gtr1-R3,180min,A2,11519,31823,34836,15864,46.9,47.65
Rep3-0Pi-Ctrl,d011322-180min-0Pi-gtr1-R3,180min,A3,10001,6579,7241,3650.37,49.91,46.06
Rep3-0Pi-Ctrl,d011322-180min-0Pi-gtr1-R3,180min,B1,11961,31304,38339,14135.45,43.33,43.32
Rep3-0Pi-Ctrl,d011322-180min-0Pi-gtr1-R3,180min,B2,11664,22499,22366,11090.14,46.71,45.04
Rep3-0Pi-Ctrl,d011322-180min-0Pi-gtr1-R3,180min,B3,11033,7155,7852,3709.05,47.51,43.85
Rep3-0Pi-Ctrl,d011322-180min-0Pi-gtr1-R3,180min,C1,6910,7682,10020,7293.95,81.16,89.33
Rep3-0Pi-Ctrl,d011322-180min-0Pi-gtr1-R3,180min,C3,2539,2838,3255,2888.38,82.69,72.46
Rep3-0Pi-Ctrl,d011322-180min-0Pi-gtr1-R3,180min,D1,5829,7536,14216,7566.67,84.27,102.44
Rep3-0Pi-Ctrl,d011322-180min-0Pi-gtr1-R3,180min,D3,3981,2280,3282,2118.69,76.05,69.06
Rep3-0Pi-Ctrl,d011322-180min-0Pi-gtr1-R3,180min,E1,3485,1896,1843,2319.8,90.26,78.12
Rep3-0Pi-Ctrl,d011322-180min-0Pi-gtr1-R3,180min,E3,4829,808,245,1150.87,102.1,92.11
Rep3-0Pi-Ctrl,d011322-180min-0Pi-gtr1-R3,180min,F1,12950,34059,43348,15984.18,44.17,47.38
Rep3-0Pi-Ctrl,d011322-180min-0Pi-gtr1-R3,180min,F3,13330,8150,9159,4233.12,47.83,46.47
Rep3-0Pi-Ctrl,d011322-180min-0Pi-gtr1-R3,180min,G1,13362,31725,33161,16982.24,51.12,49.3
Rep3-0Pi-Ctrl,d011322-180min-0Pi-gtr1-R3,180min,H1,15529,30585,29473,15170.12,45.64,46.82
Rep3-0Pi-Ctrl,d011322-180min-0Pi-gtr1-R3,180min,C2,11990,29172,28786,14399.25,46.21,45.38
Rep3-0Pi-Ctrl,d011322-180min-0Pi-gtr1-R3,180min,D2,13298,28706,31589,15242.47,49.5,48.98
Rep3-0Pi-Ctrl,d011322-180min-0Pi-gtr1-R3,180min,A4,11272,6639,6704,3660.94,50.03,46.49
Rep3-0Pi-Ctrl,d011322-180min-0Pi-gtr1-R3,180min,B4,11871,5143,6908,4872.55,80.1,52.09
Rep3-0Pi-Ctrl,d011322-180min-0Pi-gtr1-R3,180min,C4,10348,6819,7019,4362.43,57.53,49.41
Rep3-0Pi-Ctrl,d011322-180min-0Pi-gtr1-R3,180min,D4,11607,7248,7351,4278.68,53.77,48.52
Rep3-0Pi-Ctrl,d011322-180min-0Pi-gtr1-R3,180min,G3,11957,8409,8832,4237.48,46.66,44.68
Rep3-0Pi-Ctrl,d011322-180min-0Pi-gtr1-R3,180min,H3,12513,7215,7852,3721.13,47.51,44.76
Rep3-0Pi-Ctrl,d011322-180min-0Pi-gtr1-R3,180min,E2,13998,25228,28127,13088.72,48.4,49.42
Rep3-0Pi-Ctrl,d011322-180min-0Pi-gtr1-R3,180min,F2,14528,24663,25618,12599.17,47.83,48.55
Rep3-0Pi-Ctrl,d011322-180min-0Pi-gtr1-R3,180min,G2,14274,27760,37430,14338.63,48.8,50.77
Rep3-0Pi-Ctrl,d011322-180min-0Pi-gtr1-R3,180min,E4,11235,5983,7721,3332.49,50.52,47.9
Rep3-0Pi-Ctrl,d011322-180min-0Pi-gtr1-R3,180min,F4,10957,6273,6916,3549.27,51.41,49.16
Rep3-0Pi-Ctrl,d011322-180min-0Pi-gtr1-R3,180min,G4,11478,6516,6803,3744.03,51.85,48.32
Rep1-0Pi-Ctrl,d121521-180min-0Pi-gtr1-R1,180min,A1,9850,35093,33205,14457.11,39.41,37.06
Rep1-0Pi-Ctrl,d121521-180min-0Pi-gtr1-R1,180min,A2,10607,32066,33986,13979.94,41.48,39.25
Rep1-0Pi-Ctrl,d121521-180min-0Pi-gtr1-R1,180min,A3,10751,7229,7248,4122.36,50.8,47.21
Rep1-0Pi-Ctrl,d121521-180min-0Pi-gtr1-R1,180min,B1,10527,33049,34832,13334.03,38.81,36.63
Rep1-0Pi-Ctrl,d121521-180min-0Pi-gtr1-R1,180min,B2,11370,29105,27484,13208.03,42.98,39.78
Rep1-0Pi-Ctrl,d121521-180min-0Pi-gtr1-R1,180min,B3,10590,8103,8677,4562.01,50.41,47.11
Rep1-0Pi-Ctrl,d121521-180min-0Pi-gtr1-R1,180min,C1,4567,6848,8717,5109.21,67.31,61.9
Rep1-0Pi-Ctrl,d121521-180min-0Pi-gtr1-R1,180min,C3,2513,3209,4246,3914.41,91.67,63.99
Rep1-0Pi-Ctrl,d121521-180min-0Pi-gtr1-R1,180min,D1,5569,6343,8694,4262.54,63.58,58.25
Rep1-0Pi-Ctrl,d121521-180min-0Pi-gtr1-R1,180min,D3,2629,2410,1687,2261.33,75.99,63.24
Rep1-0Pi-Ctrl,d121521-180min-0Pi-gtr1-R1,180min,E1,3352,1709,1224,1801.31,82,70.85
Rep1-0Pi-Ctrl,d121521-180min-0Pi-gtr1-R1,180min,E3,2937,1236,1036,1216.17,79.73,67.05
Rep1-0Pi-Ctrl,d121521-180min-0Pi-gtr1-R1,180min,F1,11764,33766,33209,13894.98,38.88,38.78
Rep1-0Pi-Ctrl,d121521-180min-0Pi-gtr1-R1,180min,F3,12163,10140,10773,5269.79,47.38,44.29
Rep1-0Pi-Ctrl,d121521-180min-0Pi-gtr1-R1,180min,G1,12214,31552,31609,13599.69,40.66,41.14
Rep1-0Pi-Ctrl,d121521-180min-0Pi-gtr1-R1,180min,H1,12601,29998,30160,13024.69,41.29,42.5
Rep1-0Pi-Ctrl,d121521-180min-0Pi-gtr1-R1,180min,C2,10851,29999,29456,13051.32,41.18,39.77
Rep1-0Pi-Ctrl,d121521-180min-0Pi-gtr1-R1,180min,D2,13454,29981,29475,13443.84,42.21,39.69
Rep1-0Pi-Ctrl,d121521-180min-0Pi-gtr1-R1,180min,A4,11953,7386,8682,4132.19,49.95,45.71
Rep1-0Pi-Ctrl,d121521-180min-0Pi-gtr1-R1,180min,B4,10894,5867,6914,4427.33,65.04,50.28
Rep1-0Pi-Ctrl,d121521-180min-0Pi-gtr1-R1,180min,C4,10228,6456,8391,4697.47,62.36,51.69
Rep1-0Pi-Ctrl,d121521-180min-0Pi-gtr1-R1,180min,D4,11010,7516,9484,4092.65,49.24,45.82
Rep1-0Pi-Ctrl,d121521-180min-0Pi-gtr1-R1,180min,G3,12586,10171,10389,5444.67,48.76,45.42
Rep1-0Pi-Ctrl,d121521-180min-0Pi-gtr1-R1,180min,H3,11761,9131,9659,4996.07,49.56,46.91
Rep2-0Pi-Ctrl,d121721-180min-0Pi-gtr1-R2,180min,A1,9991,30527,30206,14631.2,46.3,41.03
Rep2-0Pi-Ctrl,d121721-180min-0Pi-gtr1-R2,180min,A2,10070,34195,30892,16157.17,46.04,40.02
Rep2-0Pi-Ctrl,d121721-180min-0Pi-gtr1-R2,180min,A3,10496,7312,8257,4019.26,49.82,44.3
Rep2-0Pi-Ctrl,d121721-180min-0Pi-gtr1-R2,180min,B1,10900,29489,29470,15958.24,54.41,44.41
Rep2-0Pi-Ctrl,d121721-180min-0Pi-gtr1-R2,180min,B2,10768,29456,28776,15135.14,50.41,43.4
Rep2-0Pi-Ctrl,d121721-180min-0Pi-gtr1-R2,180min,B3,10995,7626,9488,4064.97,49.01,44.85
Rep2-0Pi-Ctrl,d121721-180min-0Pi-gtr1-R2,180min,C1,3627,4173,6414,6893.63,125.85,105.09
Rep2-0Pi-Ctrl,d121721-180min-0Pi-gtr1-R2,180min,C3,3161,1588,1186,1367.57,71.09,60.13
Rep2-0Pi-Ctrl,d121721-180min-0Pi-gtr1-R2,180min,D1,4598,3796,7138,3528.59,80.42,94.83
Rep2-0Pi-Ctrl,d121721-180min-0Pi-gtr1-R2,180min,D3,3410,1422,1238,1350.64,75.6,66.26
Rep2-0Pi-Ctrl,d121721-180min-0Pi-gtr1-R2,180min,E1,5456,1141,897,1133.63,77.84,57.3
Rep2-0Pi-Ctrl,d121721-180min-0Pi-gtr1-R2,180min,E3,4207,816,449,780.89,77.15,67.95
Rep2-0Pi-Ctrl,d121721-180min-0Pi-gtr1-R2,180min,F1,11302,32971,35671,14832.36,43.83,38.94
Rep2-0Pi-Ctrl,d121721-180min-0Pi-gtr1-R2,180min,F3,11797,8501,10019,4570.77,49.88,45.64
Rep2-0Pi-Ctrl,d121721-180min-0Pi-gtr1-R2,180min,G1,13733,28570,31643,12791.17,42.4,38.26
Rep2-0Pi-Ctrl,d121721-180min-0Pi-gtr1-R2,180min,H1,11427,28522,29492,13368.78,44.31,43.34
Rep2-0Pi-Ctrl,d121721-180min-0Pi-gtr1-R2,180min,C2,10728,33106,38344,15806.03,46.33,39.89
Rep2-0Pi-Ctrl,d121721-180min-0Pi-gtr1-R2,180min,D2,10456,33949,34828,15957.93,45.92,39.35
Rep2-0Pi-Ctrl,d121721-180min-0Pi-gtr1-R2,180min,A4,10729,7546,7859,4116.26,50.22,47.35
Rep2-0Pi-Ctrl,d121721-180min-0Pi-gtr1-R2,180min,B4,10890,5498,7598,4496.14,72.17,57.14
Rep2-0Pi-Ctrl,d121721-180min-0Pi-gtr1-R2,180min,C4,10287,6982,8834,3789.99,49.88,46.38
Rep2-0Pi-Ctrl,d121721-180min-0Pi-gtr1-R2,180min,D4,11146,7344,8531,4188.64,52.88,48.8
Rep2-0Pi-Ctrl,d121721-180min-0Pi-gtr1-R2,180min,G3,11984,8643,8837,4347.05,46.8,44.45
Rep2-0Pi-Ctrl,d121721-180min-0Pi-gtr1-R2,180min,H3,11306,8200,9005,4389.86,50.12,48.02
Rep2-0Pi-Ctrl,d121721-180min-0Pi-gtr1-R2,180min,E2,12898,17973,18319,7942.52,42.21,37.06
Rep2-0Pi-Ctrl,d121721-180min-0Pi-gtr1-R2,180min,F2,13132,20939,22837,8843.56,40.12,39.02
Rep2-0Pi-Ctrl,d121721-180min-0Pi-gtr1-R2,180min,G2,11608,20546,21345,8887.14,41.23,39.76
Rep2-0Pi-Ctrl,d121721-180min-0Pi-gtr1-R2,180min,E4,12662,6247,7476,3136.51,46.51,44.42
Rep2-0Pi-Ctrl,d121721-180min-0Pi-gtr1-R2,180min,F4,11259,6342,6917,3483.47,50.42,46.78
Rep2-0Pi-Ctrl,d121721-180min-0Pi-gtr1-R2,180min,G4,11264,6901,8830,3984.13,52.24,48.08
Rep3-0Pi-Ctrl,d011322-210min-0Pi-gtr1-R3,210min,A5,10550,30593,37391,17274.07,54.15,53.2
Rep3-0Pi-Ctrl,d011322-210min-0Pi-gtr1-R3,210min,A6,11625,26681,31656,13906.23,49.13,46.56
Rep3-0Pi-Ctrl,d011322-210min-0Pi-gtr1-R3,210min,A7,9985,7189,7236,4025.96,50.81,47.37
Rep3-0Pi-Ctrl,d011322-210min-0Pi-gtr1-R3,210min,A8,11608,6983,8118,3756.21,49.27,45.69
Rep3-0Pi-Ctrl,d011322-210min-0Pi-gtr1-R3,210min,B5,10295,27224,30971,15589.31,56.19,53.16
Rep3-0Pi-Ctrl,d011322-210min-0Pi-gtr1-R3,210min,B6,12231,20269,22324,10642.15,49.72,45.31
Rep3-0Pi-Ctrl,d011322-210min-0Pi-gtr1-R3,210min,B7,10364,7517,8834,3989.38,48.73,46.91
Rep3-0Pi-Ctrl,d011322-210min-0Pi-gtr1-R3,210min,B8,11124,5168,6514,5048.11,81.6,54.51
Rep3-0Pi-Ctrl,d011322-210min-0Pi-gtr1-R3,210min,C5,4955,8250,13092,7118.21,76,82.68
Rep3-0Pi-Ctrl,d011322-210min-0Pi-gtr1-R3,210min,C6,11715,28417,32339,14302.77,47.05,46.08
Rep3-0Pi-Ctrl,d011322-210min-0Pi-gtr1-R3,210min,C7,2041,2789,3148,2922.97,83.35,66.13
Rep3-0Pi-Ctrl,d011322-210min-0Pi-gtr1-R3,210min,C8,10650,7001,7242,4664.38,59.54,50.82
Rep3-0Pi-Ctrl,d011322-210min-0Pi-gtr1-R3,210min,D5,6289,7894,13330,7286.57,79.32,93.36
Rep3-0Pi-Ctrl,d011322-210min-0Pi-gtr1-R3,210min,D6,14815,28901,35662,14851.22,47.44,47.88
Rep3-0Pi-Ctrl,d011322-210min-0Pi-gtr1-R3,210min,D7,1975,2318,2758,2185.46,76.79,65.88
Rep3-0Pi-Ctrl,d011322-210min-0Pi-gtr1-R3,210min,D8,11523,7600,7715,4504.02,53.23,48.05
Rep3-0Pi-Ctrl,d011322-210min-0Pi-gtr1-R3,210min,E5,2878,1903,1427,2274.11,87.35,75.69
Rep3-0Pi-Ctrl,d011322-210min-0Pi-gtr1-R3,210min,E7,4405,871,154,1463.24,122.3,86.64
Rep3-0Pi-Ctrl,d011322-210min-0Pi-gtr1-R3,210min,F5,12603,33947,44431,16140.75,44.19,47.24
Rep3-0Pi-Ctrl,d011322-210min-0Pi-gtr1-R3,210min,F7,13268,7518,8537,4073.47,49.18,46.41
Rep3-0Pi-Ctrl,d011322-210min-0Pi-gtr1-R3,210min,G5,12983,36580,45496,16458.07,42.82,45.23
Rep3-0Pi-Ctrl,d011322-210min-0Pi-gtr1-R3,210min,G7,12282,8286,9835,4484.14,49.51,46.88
Rep3-0Pi-Ctrl,d011322-210min-0Pi-gtr1-R3,210min,H5,13086,35280,40262,16252.28,43.69,48.63
Rep3-0Pi-Ctrl,d011322-210min-0Pi-gtr1-R3,210min,H7,12634,7962,9640,4374.42,49.59,47.69
Rep3-0Pi-Ctrl,d011322-210min-0Pi-gtr1-R3,210min,E6,14866,24307,28774,12816.24,49.06,49.93
Rep3-0Pi-Ctrl,d011322-210min-0Pi-gtr1-R3,210min,F6,13801,23652,27498,12032.91,47.33,47.67
Rep3-0Pi-Ctrl,d011322-210min-0Pi-gtr1-R3,210min,G6,14258,25661,30161,13668.27,49.9,51.83
Rep3-0Pi-Ctrl,d011322-210min-0Pi-gtr1-R3,210min,E8,10640,6361,6702,3458.47,49.43,48.53
Rep3-0Pi-Ctrl,d011322-210min-0Pi-gtr1-R3,210min,F8,11298,6358,8105,3559.12,51.26,49.44
Rep3-0Pi-Ctrl,d011322-210min-0Pi-gtr1-R3,210min,G8,10942,7069,8999,4117.42,53.16,49.58
Rep1-0Pi-Ctrl,d121521-210min-0Pi-gtr1-R1,210min,A5,10016,32548,33171,14653.57,42.89,40.64
Rep1-0Pi-Ctrl,d121521-210min-0Pi-gtr1-R1,210min,A6,12018,29507,35642,13021.53,42.02,38.52
Rep1-0Pi-Ctrl,d121521-210min-0Pi-gtr1-R1,210min,A7,10224,7325,6408,4379.75,53.1,47.78
Rep1-0Pi-Ctrl,d121521-210min-0Pi-gtr1-R1,210min,A8,10079,7775,9147,4848.82,55.43,49.33
Rep1-0Pi-Ctrl,d121521-210min-0Pi-gtr1-R1,210min,B5,10802,33755,34023,14025.4,40.23,36.59
Rep1-0Pi-Ctrl,d121521-210min-0Pi-gtr1-R1,210min,B6,12492,30469,31630,13315.97,41.66,39.68
Rep1-0Pi-Ctrl,d121521-210min-0Pi-gtr1-R1,210min,B7,10695,8454,9491,5187.24,54.61,49.28
Rep1-0Pi-Ctrl,d121521-210min-0Pi-gtr1-R1,210min,B8,9513,6439,6608,5459.5,72.09,53.37
Rep1-0Pi-Ctrl,d121521-210min-0Pi-gtr1-R1,210min,C5,3663,7249,8983,5420.02,67.72,59.11
Rep1-0Pi-Ctrl,d121521-210min-0Pi-gtr1-R1,210min,C6,10951,33168,36512,14637.58,42.36,40.32
Rep1-0Pi-Ctrl,d121521-210min-0Pi-gtr1-R1,210min,C7,3658,3727,4907,6040.9,106.79,71.61
Rep1-0Pi-Ctrl,d121521-210min-0Pi-gtr1-R1,210min,C8,10236,7370,7716,6192.77,69.81,55.66
Rep1-0Pi-Ctrl,d121521-210min-0Pi-gtr1-R1,210min,D5,5092,6514,10593,4571.86,66.69,67.15
Rep1-0Pi-Ctrl,d121521-210min-0Pi-gtr1-R1,210min,D6,11795,33374,33982,14605.05,41.69,40.14
Rep1-0Pi-Ctrl,d121521-210min-0Pi-gtr1-R1,210min,D7,4331,2637,5971,4309.81,104.26,77.76
Rep1-0Pi-Ctrl,d121521-210min-0Pi-gtr1-R1,210min,D8,10178,7893,10389,4576.87,51.9,47.49
Rep1-0Pi-Ctrl,d121521-210min-0Pi-gtr1-R1,210min,E5,3001,1655,1307,1643.42,78.59,66.83
Rep1-0Pi-Ctrl,d121521-210min-0Pi-gtr1-R1,210min,E7,3615,1178,735,1407.88,94.92,64.19
Rep1-0Pi-Ctrl,d121521-210min-0Pi-gtr1-R1,210min,F5,13205,36237,37426,14390.78,37.91,38
Rep1-0Pi-Ctrl,d121521-210min-0Pi-gtr1-R1,210min,F7,12828,10260,11425,5501.16,48.52,46.78
Rep1-0Pi-Ctrl,d121521-210min-0Pi-gtr1-R1,210min,G5,11747,34354,34016,14423.28,40.15,40.22
Rep1-0Pi-Ctrl,d121521-210min-0Pi-gtr1-R1,210min,G7,12210,10282,10789,5708.16,50.03,48.67
Rep1-0Pi-Ctrl,d121521-210min-0Pi-gtr1-R1,210min,H5,11935,35406,40278,13743.18,37.79,38.46
Rep1-0Pi-Ctrl,d121521-210min-0Pi-gtr1-R1,210min,H7,12071,9702,10980,5495.03,50.85,47.42
Rep2-0Pi-Ctrl,d121721-210min-0Pi-gtr1-R2,210min,A5,10572,34870,39291,15150.85,42.01,37.81
Rep2-0Pi-Ctrl,d121721-210min-0Pi-gtr1-R2,210min,A6,9725,34041,34863,15719.36,45.86,39.42
Rep2-0Pi-Ctrl,d121721-210min-0Pi-gtr1-R2,210min,A7,10475,8094,8989,4429.69,50.21,47.86
Rep2-0Pi-Ctrl,d121721-210min-0Pi-gtr1-R2,210min,A8,10319,7715,8675,4085.54,48.59,47.14
Rep2-0Pi-Ctrl,d121721-210min-0Pi-gtr1-R2,210min,B5,10154,31634,30957,13609.25,41.76,37.41
Rep2-0Pi-Ctrl,d121721-210min-0Pi-gtr1-R2,210min,B6,12325,28783,27457,12506.84,42.33,38.74
Rep2-0Pi-Ctrl,d121721-210min-0Pi-gtr1-R2,210min,B7,11120,8460,9150,4424.78,48.25,45.86
Rep2-0Pi-Ctrl,d121721-210min-0Pi-gtr1-R2,210min,B8,9443,6269,7020,4689.56,65.48,50.61
Rep2-0Pi-Ctrl,d121721-210min-0Pi-gtr1-R2,210min,C5,4625,4569,7742,9392.66,136.95,119.28
Rep2-0Pi-Ctrl,d121721-210min-0Pi-gtr1-R2,210min,C6,9771,33677,39336,15043.99,43.25,39.09
Rep2-0Pi-Ctrl,d121721-210min-0Pi-gtr1-R2,210min,C7,3053,1504,1500,1283.83,70.87,60.82
Rep2-0Pi-Ctrl,d121721-210min-0Pi-gtr1-R2,210min,C8,10239,7483,8982,4120.15,50.54,48.82
Rep2-0Pi-Ctrl,d121721-210min-0Pi-gtr1-R2,210min,D5,3064,4008,6415,4110,90.6,103.83
Rep2-0Pi-Ctrl,d121721-210min-0Pi-gtr1-R2,210min,D6,10456,34145,35647,16592.2,47.21,41.7
Rep2-0Pi-Ctrl,d121721-210min-0Pi-gtr1-R2,210min,D7,3596,1378,759,1209.82,72.99,61.11
Rep2-0Pi-Ctrl,d121721-210min-0Pi-gtr1-R2,210min,D8,9857,7707,9324,4735.28,56.98,53.34
Rep2-0Pi-Ctrl,d121721-210min-0Pi-gtr1-R2,210min,E5,1813,1024,769,1223.76,88.27,59.36
Rep2-0Pi-Ctrl,d121721-210min-0Pi-gtr1-R2,210min,E7,5660,955,667,708.25,64.77,54.49
Rep2-0Pi-Ctrl,d121721-210min-0Pi-gtr1-R2,210min,F5,12869,30260,34825,13888.51,44.44,41.23
Rep2-0Pi-Ctrl,d121721-210min-0Pi-gtr1-R2,210min,F7,11613,8737,8993,4729.26,50.17,47.29
Rep2-0Pi-Ctrl,d121721-210min-0Pi-gtr1-R2,210min,G5,12133,32403,35639,15695.75,47.84,42.03
Rep2-0Pi-Ctrl,d121721-210min-0Pi-gtr1-R2,210min,G7,11324,7830,7599,4586.28,54.33,50.79
Rep2-0Pi-Ctrl,d121721-210min-0Pi-gtr1-R2,210min,H5,12031,32459,37436,14494.4,43.11,41.46
Rep2-0Pi-Ctrl,d121721-210min-0Pi-gtr1-R2,210min,H7,11475,8660,11422,4570.21,48.04,47.01
Rep2-0Pi-Ctrl,d121721-210min-0Pi-gtr1-R2,210min,E6,11818,19495,20867,9243.39,46.47,40.4
Rep2-0Pi-Ctrl,d121721-210min-0Pi-gtr1-R2,210min,F6,11651,19668,19969,8149.91,39.61,39.06
Rep2-0Pi-Ctrl,d121721-210min-0Pi-gtr1-R2,210min,G6,11864,20532,20853,8766,40.79,38.47
Rep2-0Pi-Ctrl,d121721-210min-0Pi-gtr1-R2,210min,E8,13572,6536,6706,3609.17,50.6,47.5
Rep2-0Pi-Ctrl,d121721-210min-0Pi-gtr1-R2,210min,F8,10017,6833,8397,4031.97,52.83,51.1
Rep2-0Pi-Ctrl,d121721-210min-0Pi-gtr1-R2,210min,G8,10687,7918,10198,4782.1,54.35,49.58
Rep3-0Pi-Ctrl,d011322-240min-0Pi-gtr1-R3,240min,A9,11797,31480,41205,15230.71,45.86,46.51
Rep3-0Pi-Ctrl,d011322-240min-0Pi-gtr1-R3,240min,A10,13253,27732,28111,13343.06,45.18,43.24
Rep3-0Pi-Ctrl,d011322-240min-0Pi-gtr1-R3,240min,A11,9999,8914,10379,5487.42,55.08,51.36
Rep3-0Pi-Ctrl,d011322-240min-0Pi-gtr1-R3,240min,A12,9033,8410,9312,5373.83,57.4,52.09
Rep3-0Pi-Ctrl,d011322-240min-0Pi-gtr1-R3,240min,B9,12051,30293,33175,13840.27,43.47,43.61
Rep3-0Pi-Ctrl,d011322-240min-0Pi-gtr1-R3,240min,B10,12881,21058,23369,9768.3,43.55,41.6
Rep3-0Pi-Ctrl,d011322-240min-0Pi-gtr1-R3,240min,B11,10830,8359,8989,4766.04,52.28,48.14
Rep3-0Pi-Ctrl,d011322-240min-0Pi-gtr1-R3,240min,B12,8573,5631,6708,5621.71,83.76,60
Rep3-0Pi-Ctrl,d011322-240min-0Pi-gtr1-R3,240min,C9,4617,8423,12356,7168.25,75.05,78.4
Rep3-0Pi-Ctrl,d011322-240min-0Pi-gtr1-R3,240min,C10,12737,28325,26228,14796.17,48.62,46.8
Rep3-0Pi-Ctrl,d011322-240min-0Pi-gtr1-R3,240min,C11,3412,2855,3610,3489.35,92.76,72.88
Rep3-0Pi-Ctrl,d011322-240min-0Pi-gtr1-R3,240min,C12,10588,7867,7481,5199.95,59.33,52.66
Rep3-0Pi-Ctrl,d011322-240min-0Pi-gtr1-R3,240min,D9,6060,7476,12826,7501.47,84.06,99.04
Rep3-0Pi-Ctrl,d011322-240min-0Pi-gtr1-R3,240min,D10,14418,27148,30166,12802.49,43.85,42.73
Rep3-0Pi-Ctrl,d011322-240min-0Pi-gtr1-R3,240min,D11,5068,2102,1672,2375.09,87.4,68.84
Rep3-0Pi-Ctrl,d011322-240min-0Pi-gtr1-R3,240min,D12,13286,8440,10196,4901.09,52.43,48.47
Rep3-0Pi-Ctrl,d011322-240min-0Pi-gtr1-R3,240min,E9,3444,2049,3460,2097.15,81.26,75.38
Rep3-0Pi-Ctrl,d011322-240min-0Pi-gtr1-R3,240min,E11,3551,1052,130,1857.16,119.75,102.03
Rep3-0Pi-Ctrl,d011322-240min-0Pi-gtr1-R3,240min,F9,13175,31226,30923,14883.84,43.34,44.43
Rep3-0Pi-Ctrl,d011322-240min-0Pi-gtr1-R3,240min,F11,12949,8233,10384,4900.45,55.55,51.79
Rep3-0Pi-Ctrl,d011322-240min-0Pi-gtr1-R3,240min,G9,13650,32778,42204,16071.92,46.34,44.73
Rep3-0Pi-Ctrl,d011322-240min-0Pi-gtr1-R3,240min,G11,11926,9186,10577,5482.73,55.35,50.19
Rep3-0Pi-Ctrl,d011322-240min-0Pi-gtr1-R3,240min,H9,13522,31293,35649,15025,44.12,46.37
Rep3-0Pi-Ctrl,d011322-240min-0Pi-gtr1-R3,240min,H11,11815,8994,10193,5177.62,52.96,50.76
Rep3-0Pi-Ctrl,d011322-240min-0Pi-gtr1-R3,240min,E10,14198,23285,23388,11623.83,46.74,47.68
Rep3-0Pi-Ctrl,d011322-240min-0Pi-gtr1-R3,240min,F10,14552,22774,23905,11521.48,47.17,46.74
Rep3-0Pi-Ctrl,d011322-240min-0Pi-gtr1-R3,240min,G10,13654,25435,30146,12528.82,46.41,47.53
Rep3-0Pi-Ctrl,d011322-240min-0Pi-gtr1-R3,240min,E12,11115,8048,9314,4724.23,53.1,49.85
Rep3-0Pi-Ctrl,d011322-240min-0Pi-gtr1-R3,240min,F12,11476,7994,9147,5076.09,56.84,52.27
Rep3-0Pi-Ctrl,d011322-240min-0Pi-gtr1-R3,240min,G12,11163,8259,12093,5315.31,57.24,52.02
Rep1-0Pi-Ctrl,d121521-240min-0Pi-gtr1-R1,240min,A9,9921,32916,32431,15622.37,45.16,44.78
Rep1-0Pi-Ctrl,d121521-240min-0Pi-gtr1-R1,240min,A10,9818,33192,38360,14758.69,42.5,42.26
Rep1-0Pi-Ctrl,d121521-240min-0Pi-gtr1-R1,240min,A11,10441,11545,13087,7590.64,58.25,52.82
Rep1-0Pi-Ctrl,d121521-240min-0Pi-gtr1-R1,240min,A12,10672,9525,10993,6503.44,59.38,53.24
Rep1-0Pi-Ctrl,d121521-240min-0Pi-gtr1-R1,240min,B9,10600,31654,35617,13842.35,42.43,39.82
Rep1-0Pi-Ctrl,d121521-240min-0Pi-gtr1-R1,240min,B10,10089,32596,35657,14526.71,43.02,40.53
Rep1-0Pi-Ctrl,d121521-240min-0Pi-gtr1-R1,240min,B11,9668,12089,11857,7636.83,56.18,50.22
Rep1-0Pi-Ctrl,d121521-240min-0Pi-gtr1-R1,240min,B12,9095,7771,8532,5645.09,63.16,53.44
Rep1-0Pi-Ctrl,d121521-240min-0Pi-gtr1-R1,240min,C9,5141,6744,8552,5873.97,79.94,89.78
Rep1-0Pi-Ctrl,d121521-240min-0Pi-gtr1-R1,240min,C10,10538,32047,36538,14990.15,45.1,42.28
Rep1-0Pi-Ctrl,d121521-240min-0Pi-gtr1-R1,240min,C11,2998,4088,4188,7030.13,110.91,75.56
Rep1-0Pi-Ctrl,d121521-240min-0Pi-gtr1-R1,240min,C12,9718,8250,10008,5520.41,59.47,52.22
Rep1-0Pi-Ctrl,d121521-240min-0Pi-gtr1-R1,240min,D9,5790,6718,8254,4644.79,66.88,69.86
Rep1-0Pi-Ctrl,d121521-240min-0Pi-gtr1-R1,240min,D10,11725,27236,31641,12233.22,42.73,40.72
Rep1-0Pi-Ctrl,d121521-240min-0Pi-gtr1-R1,240min,D11,2855,2860,7249,4357.53,102.6,75.94
Rep1-0Pi-Ctrl,d121521-240min-0Pi-gtr1-R1,240min,D12,10974,9754,12841,5538.24,51.5,50.56
Rep1-0Pi-Ctrl,d121521-240min-0Pi-gtr1-R1,240min,E9,1915,1541,1391,1619.67,81.08,68.89
Rep1-0Pi-Ctrl,d121521-240min-0Pi-gtr1-R1,240min,E11,3713,1059,599,1108.18,82.74,70.28
Rep1-0Pi-Ctrl,d121521-240min-0Pi-gtr1-R1,240min,F9,12730,36562,37452,14253.54,37.27,37.31
Rep1-0Pi-Ctrl,d121521-240min-0Pi-gtr1-R1,240min,F11,10244,11921,12336,6831.52,51.31,48.27
Rep1-0Pi-Ctrl,d121521-240min-0Pi-gtr1-R1,240min,G9,12841,34107,39318,14099.44,39.45,39.12
Rep1-0Pi-Ctrl,d121521-240min-0Pi-gtr1-R1,240min,G11,9574,11746,13366,7452.02,55.51,50.98
Rep1-0Pi-Ctrl,d121521-240min-0Pi-gtr1-R1,240min,H9,12387,33357,37400,13156.9,38.07,39.12
Rep1-0Pi-Ctrl,d121521-240min-0Pi-gtr1-R1,240min,H11,9256,10374,9840,6565.53,55.48,52.01
Rep2-0Pi-Ctrl,d121721-240min-0Pi-gtr1-R2,240min,A9,10944,34953,35625,14670.31,40.89,36.85
Rep2-0Pi-Ctrl,d121721-240min-0Pi-gtr1-R2,240min,A10,11145,36501,40295,16326.72,44.24,38.28
Rep2-0Pi-Ctrl,d121721-240min-0Pi-gtr1-R2,240min,A11,9748,11138,12338,6966.63,56.13,52.69
Rep2-0Pi-Ctrl,d121721-240min-0Pi-gtr1-R2,240min,A12,9280,9454,11205,5416.23,52.54,50.52
Rep2-0Pi-Ctrl,d121721-240min-0Pi-gtr1-R2,240min,B9,10549,32775,36523,13899.56,42.27,35.95
Rep2-0Pi-Ctrl,d121721-240min-0Pi-gtr1-R2,240min,B10,10697,34103,36571,14891.17,42.66,38.37
Rep2-0Pi-Ctrl,d121721-240min-0Pi-gtr1-R2,240min,B11,10561,10350,13353,5827.16,51.33,50.54
Rep2-0Pi-Ctrl,d121721-240min-0Pi-gtr1-R2,240min,B12,9418,6985,7721,5533.05,68.77,56.6
Rep2-0Pi-Ctrl,d121721-240min-0Pi-gtr1-R2,240min,C9,3548,5895,7864,4686.98,72.47,81.81
Rep2-0Pi-Ctrl,d121721-240min-0Pi-gtr1-R2,240min,C10,10124,35194,36532,15229.16,42.01,38.47
Rep2-0Pi-Ctrl,d121721-240min-0Pi-gtr1-R2,240min,C11,1940,1618,1133,1352.77,69.79,58.09
Rep2-0Pi-Ctrl,d121721-240min-0Pi-gtr1-R2,240min,C12,9175,8882,10196,5123.96,53.06,51.66
Rep2-0Pi-Ctrl,d121721-240min-0Pi-gtr1-R2,240min,D9,3934,4435,9495,4320.34,82.67,102.46
Rep2-0Pi-Ctrl,d121721-240min-0Pi-gtr1-R2,240min,D10,10608,36598,40241,17274.96,46.47,40.37
Rep2-0Pi-Ctrl,d121721-240min-0Pi-gtr1-R2,240min,D11,2902,1447,1177,1279.33,72.3,60.57
Rep2-0Pi-Ctrl,d121721-240min-0Pi-gtr1-R2,240min,D12,10217,9355,10782,5416.61,52.9,49.38
Rep2-0Pi-Ctrl,d121721-240min-0Pi-gtr1-R2,240min,E9,4159,1394,759,1390.78,80.08,63.6
Rep2-0Pi-Ctrl,d121721-240min-0Pi-gtr1-R2,240min,E11,3985,1296,1128,550.2,39.54,38.09
Rep2-0Pi-Ctrl,d121721-240min-0Pi-gtr1-R2,240min,F9,11696,31911,31658,14189.67,42.97,40.25
Rep2-0Pi-Ctrl,d121721-240min-0Pi-gtr1-R2,240min,F11,11219,8319,11421,5162.3,58.14,54.82
Rep2-0Pi-Ctrl,d121721-240min-0Pi-gtr1-R2,240min,G9,11394,32032,34809,14551.5,44.11,40.38
Rep2-0Pi-Ctrl,d121721-240min-0Pi-gtr1-R2,240min,G11,10467,9370,11620,4913.62,48.43,46.08
Rep2-0Pi-Ctrl,d121721-240min-0Pi-gtr1-R2,240min,H9,11310,28069,34033,14606.36,51.03,47.43
Rep2-0Pi-Ctrl,d121721-240min-0Pi-gtr1-R2,240min,H11,10990,9436,9491,5617.75,55.24,52.63
Rep2-0Pi-Ctrl,d121721-240min-0Pi-gtr1-R2,240min,E10,12202,18849,19966,7930.76,41.01,36.38
Rep2-0Pi-Ctrl,d121721-240min-0Pi-gtr1-R2,240min,F10,12905,20645,20419,8494.51,39.33,37.87
Rep2-0Pi-Ctrl,d121721-240min-0Pi-gtr1-R2,240min,G10,11899,21003,23927,8658.43,39.62,37.82
Rep2-0Pi-Ctrl,d121721-240min-0Pi-gtr1-R2,240min,E12,11491,7714,8254,4533.33,52.85,50.41
Rep2-0Pi-Ctrl,d121721-240min-0Pi-gtr1-R2,240min,F12,10441,8783,8831,6022.4,59.47,56.97
Rep2-0Pi-Ctrl,d121721-240min-0Pi-gtr1-R2,240min,G12,10787,8380,9490,5767.76,60.13,53.98
